Trigger_Date,2023/07/06
Trigger_Time,T 15:49:23.422 PDT
Samples_Per_Cycle,512
Microseconds_Per_Sample,32.563
Time (ms),Voltage (V),Current (A)
-16.67,0.07,0.011
-16.64,0.07,0.011
-16.61,0.14,0.011
-16.57,0.105,0.011
-16.54,0.07,0.011
-16.51,0.07,0.011
-16.48,0.14,0.011
-16.44,0.105,0.011
-16.41,0.14,0.011
-16.38,0.07,0.011
-16.35,0.105,0.011
-16.31,0.07,0.023
-16.28,0.105,0.011
-16.25,0.105,0.023
-16.22,0.07,0.023
-16.18,0.14,0.011
-16.15,0.14,0.023
-16.12,0.07,0.011
-16.09,0.105,0.023
-16.05,0.105,0.023
-16.02,0.07,0.023
-15.99,0.105,0.011
-15.96,0.07,0.023
-15.92,0.105,0.023
-15.89,0.07,0.011
-15.86,0.07,0.023
-15.83,0.07,0.023
-15.79,0.105,0.023
-15.76,0.07,0.011
-15.73,0.07,0.011
-15.7,0.07,0.011
-15.66,0.105,0.011
-15.63,0.105,0.011
-15.6,0.07,0.011
-15.57,0.07,0.011
-15.53,0.07,0.011
-15.5,0.105,0.011
-15.47,0.07,0.023
-15.43,0.07,0.023
-15.4,0.07,0.023
-15.37,0.07,0.011
-15.34,0.07,0.011
-15.3,0.105,0.023
-15.27,0.105,0.011
-15.24,0.07,0.011
-15.21,0.07,0.023
-15.17,0.14,0.011
-15.14,0.105,0.023
-15.11,0.07,0.011
-15.08,0.07,0.011
-15.04,0.07,0.011
-15.01,0.07,0.011
-14.98,0.07,0.011
-14.95,0.07,0.011
-14.91,0.07,0.011
-14.88,0.105,0.011
-14.85,0.105,0.023
-14.82,0.105,0.011
-14.78,0.07,0.023
-14.75,0.07,0.011
-14.72,0.035,0.023
-14.69,0.105,0.023
-14.65,0.07,0.023
-14.62,0.105,0.011
-14.59,0.105,0.011
-14.56,0.105,0.011
-14.52,0.07,0.011
-14.49,0.07,0.011
-14.46,0.07,0.011
-14.43,0.07,0.023
-14.39,0.105,0.023
-14.36,0.175,0.011
-14.33,0.14,0.011
-14.3,0.14,0.023
-14.26,0.105,0.023
-14.23,0.07,0.011
-14.2,0.105,0.011
-14.16,0.07,0.011
-14.13,0.07,0.023
-14.1,0.07,0.011
-14.07,0.07,0.011
-14.03,0.07,0.011
-14.0,0.07,0.011
-13.97,0.07,0.011
-13.94,0.105,0.011
-13.9,0.07,0.011
-13.87,0.07,0.023
-13.84,0.07,0.023
-13.81,0.07,0.011
-13.77,0.07,0.023
-13.74,0.105,0.023
-13.71,0.07,0.011
-13.68,0.07,0.011
-13.64,0.105,0.011
-13.61,0.07,0.011
-13.58,0.105,0.011
-13.55,0.07,0.023
-13.51,0.07,0.023
-13.48,0.105,0.011
-13.45,0.07,0.023
-13.42,0.07,0.023
-13.38,0.14,0.011
-13.35,0.105,0.011
-13.32,0.07,0.023
-13.29,0.07,0.011
-13.25,0.07,0.023
-13.22,0.07,0.011
-13.19,0.105,0.011
-13.16,0.07,0.023
-13.12,0.07,0.023
-13.09,0.07,0.023
-13.06,0.07,0.023
-13.03,0.07,0.023
-12.99,0.105,0.023
-12.96,0.035,0.011
-12.93,0.105,0.011
-12.9,0.105,0.011
-12.86,0.07,0.011
-12.83,0.07,0.023
-12.8,0.105,0.023
-12.76,0.105,0.023
-12.73,0.07,0.023
-12.7,0.07,0.023
-12.67,0.07,0.011
-12.63,0.105,0.011
-12.6,0.105,0.023
-12.57,0.14,0.011
-12.54,0.07,0.023
-12.5,0.105,0.011
-12.47,0.105,0.011
-12.44,0.07,0.011
-12.41,0.105,0.011
-12.37,0.07,0.011
-12.34,0.07,0.011
-12.31,0.105,0.023
-12.28,0.105,0.023
-12.24,0.105,0.023
-12.21,0.14,0.011
-12.18,0.07,0.011
-12.15,0.07,0.011
-12.11,0.07,0.023
-12.08,0.14,0.011
-12.05,0.07,0.011
-12.02,0.07,0.011
-11.98,0.07,0.023
-11.95,0.14,0.011
-11.92,0.105,0.011
-11.89,0.105,0.011
-11.85,0.105,0.023
-11.82,0.105,0.023
-11.79,0.105,0.023
-11.76,0.07,0.011
-11.72,0.105,0.011
-11.69,0.07,0.011
-11.66,0.07,0.011
-11.63,0.07,0.023
-11.59,0.07,0.023
-11.56,0.07,0.023
-11.53,0.07,0.011
-11.49,0.105,0.011
-11.46,0.105,0.011
-11.43,0.07,0.023
-11.4,0.105,0.011
-11.36,0.07,0.011
-11.33,0.105,0.011
-11.3,0.105,0.011
-11.27,0.105,0.023
-11.23,0.07,0.011
-11.2,0.105,0.023
-11.17,0.105,0.023
-11.14,0.035,0.023
-11.1,0.07,0.011
-11.07,0.105,0.011
-11.04,0.07,0.023
-11.01,0.105,0.011
-10.97,0.07,0.011
-10.94,0.105,0.023
-10.91,0.07,0.023
-10.88,0.105,0.011
-10.84,0.105,0.023
-10.81,0.105,0.011
-10.78,0.105,0.023
-10.75,0.07,0.011
-10.71,0.07,0.023
-10.68,0.105,0.011
-10.65,0.07,0.023
-10.62,0.07,0.023
-10.58,0.105,0.011
-10.55,0.07,0.023
-10.52,0.105,0.011
-10.49,0.07,0.011
-10.45,0.07,0.023
-10.42,0.07,0.011
-10.39,0.105,0.011
-10.36,0.105,0.023
-10.32,0.07,0.011
-10.29,0.105,0.023
-10.26,0.07,0.011
-10.22,0.105,0.011
-10.19,0.105,0.011
-10.16,0.07,0.011
-10.13,0.07,0.023
-10.09,0.07,0.023
-10.06,0.07,0.011
-10.03,0.07,0.011
-10.0,0.105,0.023
-9.96,0.07,0.011
-9.93,0.07,0.023
-9.9,0.07,0.011
-9.87,0.105,0.011
-9.83,0.105,0.011
-9.8,0.105,0.011
-9.77,0.035,0.023
-9.74,0.07,0.011
-9.7,0.105,0.011
-9.67,0.07,0.023
-9.64,0.07,0.023
-9.61,0.105,0.011
-9.57,0.105,0.011
-9.54,0.07,0.011
-9.51,0.07,0.011
-9.48,0.105,0.011
-9.44,0.105,0.023
-9.41,0.105,0.023
-9.38,0.105,0.023
-9.35,0.105,0.023
-9.31,0.14,0.011
-9.28,0.035,0.023
-9.25,0.07,0.011
-9.22,0.14,0.023
-9.18,0.07,0.023
-9.15,0.07,0.011
-9.12,0.105,0.011
-9.09,0.07,0.011
-9.05,0.105,0.011
-9.02,0.07,0.023
-8.99,0.07,0.011
-8.95,0.07,0.011
-8.92,0.105,0.023
-8.89,0.07,0.011
-8.86,0.105,0.023
-8.82,0.105,0.023
-8.79,0.07,0.023
-8.76,0.07,0.023
-8.73,0.105,0.011
-8.69,0.07,0.011
-8.66,0.07,0.023
-8.63,0.07,0.011
-8.6,0.105,0.023
-8.56,0.105,0.023
-8.53,0.07,0.023
-8.5,0.07,0.011
-8.47,0.07,0.011
-8.43,0.105,0.011
-8.4,0.105,0.011
-8.37,0.07,0.023
-8.34,0.07,0.023
-8.3,0.105,0.011
-8.27,0.105,0.023
-8.24,0.105,0.011
-8.21,0.07,0.011
-8.17,0.07,0.011
-8.14,0.07,0.011
-8.11,0.07,0.023
-8.08,0.07,0.023
-8.04,0.07,0.011
-8.01,0.07,0.011
-7.98,0.105,0.023
-7.95,0.14,0.023
-7.91,0.105,0.011
-7.88,0.07,0.011
-7.85,0.105,0.011
-7.82,0.07,0.011
-7.78,0.07,0.023
-7.75,0.14,0.011
-7.72,0.07,0.023
-7.68,0.07,0.023
-7.65,0.07,0.023
-7.62,0.07,0.023
-7.59,0.105,0.011
-7.55,0.07,0.023
-7.52,0.105,0.023
-7.49,0.105,0.011
-7.46,0.07,0.023
-7.42,0.07,0.023
-7.39,0.07,0.011
-7.36,0.14,0.011
-7.33,0.105,0.023
-7.29,0.105,0.023
-7.26,0.105,0.011
-7.23,0.07,0.011
-7.2,0.105,0.011
-7.16,0.105,0.011
-7.13,0.105,0.011
-7.1,0.07,0.023
-7.07,0.07,0.023
-7.03,0.07,0.023
-7.0,0.105,0.023
-6.97,0.07,0.011
-6.94,0.07,0.011
-6.9,0.07,0.023
-6.87,0.07,0.011
-6.84,0.07,0.023
-6.81,0.07,0.023
-6.77,0.07,0.023
-6.74,0.105,0.011
-6.71,0.07,0.023
-6.68,0.07,0.023
-6.64,0.105,0.023
-6.61,0.07,0.023
-6.58,0.105,0.023
-6.55,0.07,0.011
-6.51,0.07,0.011
-6.48,0.07,0.011
-6.45,0.105,0.011
-6.41,0.07,0.023
-6.38,0.07,0.023
-6.35,0.105,0.023
-6.32,0.07,0.011
-6.28,0.07,0.011
-6.25,0.105,0.011
-6.22,0.07,0.011
-6.19,0.07,0.011
-6.15,0.07,0.011
-6.12,0.07,0.011
-6.09,0.105,0.023
-6.06,0.07,0.011
-6.02,0.07,0.011
-5.99,0.07,0.023
-5.96,0.07,0.011
-5.93,0.105,0.023
-5.89,0.07,0.011
-5.86,0.07,0.011
-5.83,0.105,0.011
-5.8,0.105,0.023
-5.76,0.14,0.011
-5.73,0.07,0.011
-5.7,0.105,0.011
-5.67,0.07,0.023
-5.63,0.07,0.011
-5.6,0.07,0.011
-5.57,0.07,0.011
-5.54,0.105,0.011
-5.5,0.07,0.011
-5.47,0.07,0.011
-5.44,0.07,0.011
-5.41,0.07,0.011
-5.37,0.105,0.023
-5.34,0.07,0.011
-5.31,0.105,0.023
-5.28,0.105,0.023
-5.24,0.105,0.023
-5.21,0.07,0.023
-5.18,0.105,0.011
-5.14,0.105,0.023
-5.11,0.07,0.011
-5.08,0.105,0.011
-5.05,0.07,0.023
-5.01,0.105,0.011
-4.98,0.07,0.011
-4.95,0.07,0.023
-4.92,0.07,0.011
-4.88,0.07,0.011
-4.85,0.07,0.023
-4.82,0.07,0.011
-4.79,0.105,0.023
-4.75,0.07,0.011
-4.72,0.105,0.023
-4.69,0.07,0.011
-4.66,0.07,0.011
-4.62,0.07,0.011
-4.59,0.07,0.011
-4.56,0.105,0.023
-4.53,0.07,0.023
-4.49,0.105,0.023
-4.46,0.105,0.023
-4.43,0.105,0.011
-4.4,0.105,0.023
-4.36,0.07,0.011
-4.33,0.07,0.011
-4.3,0.105,0.011
-4.27,0.07,0.011
-4.23,0.07,0.023
-4.2,0.07,0.011
-4.17,0.07,0.023
-4.14,0.07,0.023
-4.1,0.07,0.023
-4.07,0.105,0.023
-4.04,0.105,0.011
-4.01,0.105,0.011
-3.97,0.105,0.011
-3.94,0.07,0.011
-3.91,0.105,0.011
-3.88,0.07,0.011
-3.84,0.105,0.023
-3.81,0.07,0.011
-3.78,0.105,0.023
-3.74,0.07,0.011
-3.71,0.105,0.023
-3.68,0.07,0.023
-3.65,0.07,0.011
-3.61,0.035,0.011
-3.58,0.105,0.011
-3.55,0.105,0.011
-3.52,0.07,0.011
-3.48,0.105,0.023
-3.45,0.07,0.011
-3.42,0.105,0.023
-3.39,0.07,0.011
-3.35,0.035,0.011
-3.32,0.07,0.023
-3.29,0.07,0.023
-3.26,0.07,0.011
-3.22,0.07,0.023
-3.19,0.105,0.011
-3.16,0.105,0.011
-3.13,0.105,0.011
-3.09,0.07,0.011
-3.06,0.07,0.023
-3.03,0.07,0.023
-3.0,0.07,0.023
-2.96,0.07,0.023
-2.93,0.105,0.011
-2.9,0.105,0.011
-2.87,0.105,0.011
-2.83,0.07,0.011
-2.8,0.105,0.023
-2.77,0.07,0.023
-2.74,0.105,0.011
-2.7,0.07,0.011
-2.67,0.07,0.023
-2.64,0.105,0.011
-2.61,0.105,0.023
-2.57,0.07,0.023
-2.54,0.07,0.023
-2.51,0.07,0.011
-2.47,0.105,0.023
-2.44,0.07,0.011
-2.41,0.105,0.011
-2.38,0.035,0.023
-2.34,0.07,0.011
-2.31,0.07,0.023
-2.28,0.07,0.023
-2.25,0.105,0.023
-2.21,0.14,0.011
-2.18,0.07,0.023
-2.15,0.07,0.023
-2.12,0.07,0.011
-2.08,0.07,0.011
-2.05,0.105,0.023
-2.02,0.105,0.023
-1.99,0.07,0.011
-1.95,0.07,0.011
-1.92,0.07,0.023
-1.89,0.07,0.011
-1.86,0.035,0.011
-1.82,0.07,0.011
-1.79,0.07,0.011
-1.76,0.07,0.023
-1.73,0.105,0.011
-1.69,0.105,0.023
-1.66,0.07,0.0
-1.63,0.07,0.011
-1.6,0.105,0.011
-1.56,0.105,0.011
-1.53,0.07,0.011
-1.5,0.07,0.011
-1.47,0.07,0.011
-1.43,0.07,0.023
-1.4,0.07,0.023
-1.37,0.07,0.011
-1.34,0.07,0.011
-1.3,0.07,0.011
-1.27,0.105,0.011
-1.24,0.105,0.011
-1.2,0.105,0.011
-1.17,0.105,0.011
-1.14,0.105,0.011
-1.11,0.105,0.023
-1.07,0.07,0.023
-1.04,0.105,0.023
-1.01,0.07,0.023
-0.98,0.105,0.023
-0.94,0.07,0.011
-0.91,0.07,0.011
-0.88,0.105,0.011
-0.85,0.07,0.023
-0.81,0.105,0.011
-0.78,0.07,0.023
-0.75,0.105,0.023
-0.72,0.07,0.023
-0.68,0.07,0.023
-0.65,0.105,0.023
-0.62,0.07,0.011
-0.59,0.07,0.011
-0.55,0.105,0.011
-0.52,0.07,0.023
-0.49,0.07,0.011
-0.46,0.105,0.011
-0.42,0.105,0.023
-0.39,0.105,0.011
-0.36,0.07,0.023
-0.33,0.07,0.023
-0.29,0.105,0.011
-0.26,0.07,0.011
-0.23,0.07,0.011
-0.2,0.07,0.011
-0.16,0.07,0.011
-0.13,0.07,0.023
-0.1,0.105,0.023
-0.07,0.07,0.011
-0.03,0.07,0.023
0.0,0.105,0.023
0.03,0.07,0.023
0.07,0.07,0.011
0.1,0.07,0.011
0.13,0.07,0.011
0.16,0.035,0.023
0.2,0.105,0.011
0.23,0.105,0.023
0.26,0.07,0.023
0.29,0.07,0.023
0.33,0.07,0.011
0.36,0.14,0.023
0.39,0.07,0.023
0.42,0.07,0.023
0.46,0.07,0.023
0.49,0.07,0.011
0.52,0.07,0.023
0.55,0.14,0.023
0.59,0.07,0.023
0.62,0.14,0.023
0.65,0.07,0.011
0.68,0.07,0.023
0.72,0.07,0.023
0.75,0.07,0.011
0.78,0.07,0.011
0.81,0.105,0.023
0.85,0.07,0.011
0.88,0.14,0.011
0.91,0.105,0.011
0.94,0.14,0.011
0.98,0.07,0.023
1.01,0.07,0.011
1.04,0.105,0.011
1.07,0.105,0.011
1.11,0.07,0.011
1.14,0.105,0.011
1.17,0.07,0.011
1.2,0.07,0.023
1.24,0.105,0.023
1.27,0.07,0.011
1.3,0.07,0.011
1.34,0.105,0.011
1.37,0.105,0.023
1.4,0.07,0.023
1.43,0.035,0.023
1.47,0.07,0.011
1.5,0.105,0.011
1.53,0.07,0.011
1.56,0.07,0.023
1.6,0.105,0.011
1.63,0.07,0.011
1.66,0.07,0.011
1.69,0.07,0.023
1.73,0.105,0.023
1.76,0.07,0.011
1.79,0.14,0.011
1.82,0.07,0.011
1.86,0.07,0.011
1.89,0.105,0.011
1.92,0.07,0.011
1.95,0.14,0.011
1.99,0.07,0.011
2.02,0.105,0.011
2.05,0.07,0.011
2.08,0.105,0.023
2.12,0.07,0.011
2.15,0.07,0.023
2.18,0.07,0.011
2.21,0.105,0.023
2.25,0.07,0.011
2.28,0.105,0.011
2.31,0.07,0.011
2.34,0.07,0.011
2.38,0.105,0.011
2.41,0.07,0.011
2.44,0.14,0.023
2.47,0.07,0.011
2.51,0.105,0.023
2.54,0.14,0.023
2.57,0.07,0.011
2.61,0.07,0.023
2.64,0.07,0.023
2.67,0.105,0.011
2.7,0.07,0.011
2.74,0.07,0.011
2.77,0.07,0.023
2.8,0.175,0.011
2.83,0.07,0.011
2.87,0.105,0.011
2.9,0.105,0.023
2.93,0.07,0.023
2.96,0.105,0.023
3.0,0.07,0.023
3.03,0.07,0.023
3.06,0.07,0.011
3.09,0.07,0.011
3.13,0.105,0.011
3.16,0.07,0.023
3.19,0.07,0.011
3.22,0.105,0.011
3.26,0.105,0.023
3.29,0.14,0.011
3.32,0.07,0.023
3.35,0.105,0.023
3.39,0.105,0.023
3.42,0.07,0.023
3.45,0.07,0.023
3.48,0.07,0.011
3.52,0.07,0.011
3.55,0.07,0.023
3.58,0.07,0.023
3.61,0.07,0.011
3.65,0.105,0.011
3.68,0.07,0.023
3.71,0.07,0.011
3.74,0.07,0.011
3.78,0.07,0.011
3.81,0.105,0.011
3.84,0.105,0.011
3.88,0.07,0.011
3.91,0.07,0.011
3.94,0.105,0.011
3.97,0.105,0.011
4.01,0.07,0.011
4.04,0.07,0.011
4.07,0.105,0.011
4.1,0.07,0.011
4.14,0.105,0.011
4.17,0.07,0.011
4.2,0.07,0.023
4.23,0.07,0.023
4.27,0.07,0.011
4.3,0.07,0.023
4.33,0.14,0.011
4.36,0.07,0.011
4.4,0.07,0.023
4.43,0.07,0.011
4.46,0.07,0.023
4.49,0.07,0.023
4.53,0.105,0.011
4.56,0.105,0.011
4.59,0.07,0.011
4.62,0.07,0.023
4.66,0.105,0.011
4.69,0.07,0.011
4.72,0.105,0.023
4.75,0.105,0.011
4.79,0.07,0.023
4.82,0.105,0.023
4.85,0.07,0.023
4.88,0.07,0.023
4.92,0.14,0.011
4.95,0.14,0.011
4.98,0.07,0.011
5.01,0.105,0.011
5.05,0.07,0.011
5.08,0.105,0.023
5.11,0.105,0.011
5.14,0.07,0.011
5.18,0.07,0.023
5.21,0.105,0.023
5.24,0.105,0.023
5.28,0.105,0.011
5.31,0.07,0.023
5.34,0.14,0.011
5.37,0.105,0.023
5.41,0.07,0.023
5.44,0.07,0.023
5.47,0.105,0.023
5.5,0.07,0.011
5.54,0.07,0.011
5.57,0.105,0.023
5.6,0.07,0.023
5.63,0.105,0.023
5.67,0.07,0.023
5.7,0.105,0.011
5.73,0.07,0.011
5.76,0.105,0.011
5.8,0.14,0.011
5.83,0.105,0.023
5.86,0.07,0.011
5.89,0.07,0.011
5.93,0.07,0.023
5.96,0.105,0.011
5.99,0.07,0.023
6.02,0.07,0.011
6.06,0.07,0.011
6.09,0.105,0.011
6.12,0.105,0.011
6.15,0.07,0.011
6.19,0.07,0.011
6.22,0.105,0.023
6.25,0.07,0.011
6.28,0.07,0.011
6.32,0.105,0.011
6.35,0.105,0.023
6.38,0.07,0.023
6.41,0.07,0.011
6.45,0.105,0.011
6.48,0.105,0.011
6.51,0.07,0.011
6.55,0.105,0.011
6.58,0.07,0.023
6.61,0.105,0.011
6.64,0.07,0.023
6.68,0.07,0.023
6.71,0.105,0.023
6.74,0.07,0.011
6.77,0.07,0.011
6.81,0.07,0.023
6.84,0.105,0.023
6.87,0.07,0.011
6.9,0.07,0.011
6.94,0.07,0.023
6.97,0.07,0.023
7.0,0.07,0.023
7.03,0.07,0.011
7.07,0.105,0.023
7.1,0.105,0.023
7.13,0.105,0.023
7.16,0.07,0.023
7.2,0.105,0.023
7.23,0.105,0.023
7.26,0.105,0.023
7.29,0.105,0.023
7.33,0.07,0.011
7.36,0.105,0.023
7.39,0.07,0.023
7.42,0.105,0.023
7.46,0.07,0.011
7.49,0.07,0.023
7.52,0.105,0.011
7.55,0.105,0.011
7.59,0.105,0.023
7.62,0.07,0.023
7.65,0.105,0.011
7.68,0.14,0.023
7.72,0.105,0.011
7.75,0.105,0.023
7.78,0.105,0.023
7.82,0.105,0.011
7.85,0.105,0.011
7.88,0.07,0.011
7.91,0.07,0.011
7.95,0.105,0.011
7.98,0.105,0.011
8.01,0.105,0.023
8.04,0.105,0.011
8.08,0.07,0.023
8.11,0.105,0.011
8.14,0.105,0.011
8.17,0.105,0.011
8.21,0.07,0.023
8.24,0.07,0.011
8.27,0.105,0.011
8.3,0.07,0.011
8.34,0.07,0.011
8.37,0.105,0.023
8.4,0.105,0.011
8.43,0.105,0.023
8.47,0.105,0.011
8.5,0.07,0.011
8.53,0.105,0.011
8.56,0.105,0.023
8.6,0.105,0.023
8.63,0.07,0.011
8.66,0.07,0.011
8.69,0.07,0.023
8.73,0.07,0.011
8.76,0.105,0.023
8.79,0.07,0.011
8.82,0.105,0.023
8.86,0.07,0.011
8.89,0.07,0.011
8.92,0.105,0.023
8.95,0.105,0.011
8.99,0.105,0.011
9.02,0.07,0.011
9.05,0.07,0.011
9.09,0.105,0.011
9.12,0.105,0.011
9.15,0.105,0.011
9.18,0.07,0.011
9.22,0.105,0.023
9.25,0.07,0.023
9.28,0.105,0.011
9.31,0.105,0.011
9.35,0.07,0.011
9.38,0.07,0.023
9.41,0.07,0.011
9.44,0.07,0.011
9.48,0.105,0.011
9.51,0.07,0.011
9.54,0.105,0.023
9.57,0.07,0.023
9.61,0.105,0.023
9.64,0.07,0.011
9.67,0.07,0.023
9.7,0.07,0.023
9.74,0.105,0.023
9.77,0.105,0.023
9.8,0.105,0.011
9.83,0.07,0.011
9.87,0.105,0.011
9.9,0.07,0.011
9.93,0.07,0.011
9.96,0.07,0.011
10.0,0.07,0.023
10.03,0.105,0.023
10.06,0.035,0.011
10.09,0.07,0.011
10.13,0.07,0.023
10.16,0.105,0.023
10.19,0.105,0.011
10.22,0.07,0.023
10.26,0.07,0.011
10.29,0.105,0.011
10.32,0.07,0.011
10.36,0.105,0.011
10.39,0.07,0.011
10.42,0.07,0.011
10.45,0.07,0.023
10.49,0.07,0.023
10.52,0.07,0.011
10.55,0.07,0.011
10.58,0.07,0.011
10.62,0.07,0.011
10.65,0.07,0.023
10.68,0.105,0.011
10.71,0.07,0.011
10.75,0.105,0.023
10.78,0.105,0.011
10.81,0.105,0.023
10.84,0.105,0.023
10.88,0.105,0.023
10.91,0.07,0.011
10.94,0.105,0.011
10.97,0.07,0.011
11.01,0.07,0.011
11.04,0.07,0.011
11.07,0.07,0.023
11.1,0.07,0.011
11.14,0.07,0.011
11.17,0.105,0.011
11.2,0.105,0.023
11.23,0.105,0.023
11.27,0.105,0.023
11.3,0.07,0.023
11.33,0.07,0.011
11.36,0.105,0.011
11.4,0.105,0.011
11.43,0.07,0.011
11.46,0.07,0.011
11.49,0.105,0.011
11.53,0.07,0.011
11.56,0.14,0.011
11.59,0.07,0.011
11.63,0.105,0.023
11.66,0.07,0.011
11.69,0.07,0.023
11.72,0.07,0.011
11.76,0.105,0.011
11.79,0.07,0.011
11.82,0.07,0.011
11.85,0.07,0.011
11.89,0.07,0.011
11.92,0.07,0.011
11.95,0.105,0.011
11.98,0.105,0.011
12.02,0.105,0.023
12.05,0.07,0.023
12.08,0.105,0.011
12.11,0.105,0.011
12.15,0.07,0.011
12.18,0.07,0.023
12.21,0.07,0.011
12.24,0.07,0.023
12.28,0.07,0.011
12.31,0.07,0.023
12.34,0.105,0.023
12.37,0.07,0.023
12.41,0.105,0.023
12.44,0.105,0.023
12.47,0.07,0.023
12.5,0.105,0.023
12.54,0.07,0.011
12.57,0.07,0.023
12.6,0.105,0.023
12.63,0.105,0.023
12.67,0.07,0.023
12.7,0.07,0.011
12.73,0.07,0.023
12.76,0.07,0.023
12.8,0.07,0.023
12.83,0.07,0.023
12.86,0.105,0.023
12.9,0.07,0.023
12.93,0.07,0.011
12.96,0.07,0.023
12.99,0.105,0.011
13.03,0.07,0.011
13.06,0.07,0.023
13.09,0.105,0.023
13.12,0.07,0.011
13.16,0.105,0.023
13.19,0.105,0.011
13.22,0.07,0.023
13.25,0.07,0.011
13.29,0.07,0.011
13.32,0.105,0.023
13.35,0.105,0.011
13.38,0.07,0.023
13.42,0.07,0.011
13.45,0.07,0.011
13.48,0.07,0.023
13.51,0.105,0.023
13.55,0.07,0.023
13.58,0.105,0.023
13.61,0.07,0.011
13.64,0.07,0.011
13.68,0.07,0.023
13.71,0.035,0.023
13.74,0.105,0.011
13.77,0.105,0.023
13.81,0.14,0.011
13.84,0.105,0.011
13.87,0.105,0.023
13.9,0.07,0.023
13.94,0.07,0.023
13.97,0.07,0.023
14.0,0.14,0.011
14.03,0.07,0.023
14.07,0.07,0.023
14.1,0.07,0.023
14.13,0.105,0.011
14.16,0.07,0.023
14.2,0.07,0.011
14.23,0.07,0.011
14.26,0.07,0.011
14.3,0.105,0.023
14.33,0.105,0.011
14.36,0.07,0.011
14.39,0.105,0.023
14.43,0.105,0.023
14.46,0.105,0.023
14.49,0.105,0.023
14.52,0.035,0.023
14.56,0.105,0.011
14.59,0.07,0.011
14.62,0.07,0.011
14.65,0.14,0.011
14.69,0.07,0.023
14.72,0.105,0.023
14.75,0.07,0.023
14.78,0.105,0.011
14.82,0.105,0.011
14.85,0.07,0.011
14.88,0.105,0.011
14.91,0.07,0.011
14.95,0.07,0.011
14.98,0.07,0.011
15.01,0.07,0.011
15.04,0.07,0.011
15.08,0.07,0.011
15.11,0.105,0.011
15.14,0.105,0.011
15.17,0.07,0.023
15.21,0.07,0.023
15.24,0.105,0.034
15.27,0.07,0.023
15.3,0.105,0.023
15.34,0.07,0.011
15.37,0.07,0.023
15.4,0.105,0.011
15.43,0.07,0.023
15.47,0.07,0.023
15.5,0.105,0.011
15.53,0.07,0.011
15.57,0.07,0.011
15.6,0.105,0.011
15.63,0.07,0.011
15.66,0.105,0.023
15.7,0.105,0.011
15.73,0.07,0.011
15.76,0.07,0.011
15.79,0.07,0.011
15.83,0.07,0.011
15.86,0.07,0.011
15.89,0.14,0.011
15.92,0.07,0.023
15.96,0.07,0.011
15.99,0.105,0.023
16.02,0.07,0.011
16.05,0.07,0.011
16.09,0.07,0.023
16.12,0.07,0.011
16.15,0.105,0.011
16.18,0.07,0.011
16.22,0.105,0.023
16.25,0.07,0.023
16.28,0.105,0.011
16.31,0.105,0.023
16.35,0.07,0.011
16.38,0.07,0.034
16.41,0.07,0.011
16.44,0.105,0.023
16.48,0.07,0.023
16.51,0.07,0.011
16.54,0.07,0.011
16.57,0.105,0.011
16.61,0.07,0.023
16.64,0.07,0.023
16.67,0.07,0.011
16.7,0.14,0.023
16.74,0.14,0.023
16.77,0.105,0.011
16.8,0.07,0.011
16.84,0.07,0.011
16.87,0.07,0.023
16.9,0.105,0.023
16.93,0.14,0.023
16.97,0.07,0.023
17.0,0.14,0.011
17.03,0.07,0.023
17.06,0.14,0.023
17.1,0.105,0.011
17.13,0.105,0.011
17.16,0.105,0.023
17.19,0.07,0.011
17.23,0.105,0.023
17.26,0.07,0.023
17.29,0.105,0.011
17.32,0.07,0.011
17.36,0.14,0.023
17.39,0.07,0.011
17.42,0.105,0.011
17.45,0.07,0.011
17.49,0.105,0.023
17.52,0.105,0.023
17.55,0.07,0.011
17.58,0.105,0.011
17.62,0.07,0.011
17.65,0.07,0.011
17.68,0.07,0.011
17.71,0.105,0.023
17.75,0.07,0.023
17.78,0.07,0.023
17.81,0.105,0.023
17.84,0.07,0.011
17.88,0.07,0.011
17.91,0.07,0.011
17.94,0.105,0.011
17.97,0.105,0.023
18.01,0.07,0.023
18.04,0.035,0.011
18.07,0.105,0.011
18.11,0.07,0.011
18.14,0.105,0.011
18.17,0.07,0.023
18.2,0.105,0.023
18.24,0.105,0.011
18.27,0.07,0.011
18.3,0.07,0.023
18.33,0.105,0.011
18.37,0.14,0.011
18.4,0.07,0.011
18.43,0.07,0.023
18.46,0.105,0.023
18.5,0.07,0.011
18.53,0.105,0.023
18.56,0.105,0.011
18.59,0.14,0.011
18.63,0.105,0.011
18.66,0.105,0.011
18.69,0.105,0.011
18.72,0.07,0.011
18.76,0.105,0.023
18.79,0.07,0.023
18.82,0.14,0.023
18.85,0.105,0.023
18.89,0.07,0.023
18.92,0.07,0.023
18.95,0.105,0.011
18.98,0.07,0.011
19.02,0.07,0.023
19.05,0.105,0.023
19.08,0.14,0.023
19.11,0.07,0.023
19.15,0.105,0.011
19.18,0.07,0.011
19.21,0.105,0.023
19.24,0.105,0.023
19.28,0.07,0.023
19.31,0.07,0.011
19.34,0.105,0.023
19.38,0.07,0.023
19.41,0.07,0.023
19.44,0.105,0.023
19.47,0.07,0.011
19.51,0.105,0.011
19.54,0.07,0.023
19.57,0.07,0.011
19.6,0.07,0.023
19.64,0.14,0.023
19.67,0.105,0.023
19.7,0.07,0.023
19.73,0.07,0.011
19.77,0.105,0.011
19.8,0.14,0.011
19.83,0.07,0.011
19.86,0.07,0.011
19.9,0.07,0.023
19.93,0.14,0.011
19.96,0.07,0.023
19.99,0.105,0.011
20.03,0.105,0.011
20.06,0.07,0.011
20.09,0.07,0.023
20.12,0.105,0.011
20.16,0.07,0.023
20.19,0.07,0.023
20.22,0.07,0.023
20.25,0.105,0.023
20.29,0.07,0.011
20.32,0.07,0.011
20.35,0.105,0.011
20.38,0.105,0.011
20.42,0.07,0.023
20.45,0.105,0.023
20.48,0.105,0.023
20.51,0.07,0.011
20.55,0.07,0.023
20.58,0.07,0.023
20.61,0.14,0.023
20.65,0.035,0.011
20.68,0.105,0.011
20.71,0.105,0.023
20.74,0.105,0.011
20.78,0.105,0.023
20.81,0.07,0.023
20.84,0.07,0.011
20.87,0.07,0.011
20.91,0.07,0.011
20.94,0.07,0.023
20.97,0.105,0.011
21.0,0.07,0.011
21.04,0.07,0.023
21.07,0.105,0.023
21.1,0.105,0.011
21.13,0.07,0.011
21.17,0.105,0.011
21.2,0.105,0.011
21.23,0.035,0.023
21.26,0.105,0.011
21.3,0.105,0.023
21.33,0.07,0.011
21.36,0.105,0.011
21.39,0.105,0.011
21.43,0.07,0.023
21.46,0.07,0.011
21.49,0.07,0.023
21.52,0.07,0.011
21.56,0.105,0.011
21.59,0.105,0.023
21.62,0.105,0.023
21.65,0.07,0.023
21.69,0.07,0.023
21.72,0.07,0.023
21.75,0.07,0.023
21.78,0.07,0.011
21.82,0.105,0.023
21.85,0.105,0.023
21.88,0.07,0.023
21.92,0.14,0.011
21.95,0.14,0.023
21.98,0.105,0.011
22.01,0.14,0.011
22.05,0.105,0.011
22.08,0.07,0.023
22.11,0.105,0.023
22.14,0.07,0.023
22.18,0.07,0.023
22.21,0.105,0.011
22.24,0.105,0.011
22.27,0.07,0.011
22.31,0.105,0.011
22.34,0.105,0.011
22.37,0.07,0.011
22.4,0.035,0.023
22.44,0.07,0.023
22.47,0.105,0.023
22.5,0.105,0.023
22.53,0.14,0.011
22.57,0.105,0.011
22.6,0.07,0.011
22.63,0.105,0.011
22.66,0.035,0.023
22.7,0.07,0.011
22.73,0.07,0.011
22.76,0.105,0.023
22.79,0.105,0.011
22.83,0.105,0.011
22.86,0.035,0.011
22.89,0.07,0.011
22.92,0.07,0.011
22.96,0.07,0.011
22.99,0.105,0.011
23.02,0.07,0.023
23.05,0.105,0.023
23.09,0.07,0.011
23.12,0.035,0.011
23.15,0.07,0.011
23.18,0.07,0.023
23.22,0.105,0.023
23.25,0.07,0.023
23.28,0.105,0.011
23.32,0.07,0.023
23.35,0.105,0.011
23.38,0.07,0.023
23.41,0.07,0.011
23.45,0.035,0.023
23.48,0.07,0.011
23.51,0.14,0.023
23.54,0.07,0.023
23.58,0.07,0.011
23.61,0.07,0.023
23.64,0.07,0.023
23.67,0.07,0.011
23.71,0.07,0.023
23.74,0.07,0.011
23.77,0.105,0.011
23.8,0.07,0.011
23.84,0.07,0.023
23.87,0.07,0.011
23.9,0.07,0.011
23.93,0.07,0.011
23.97,0.105,0.023
24.0,0.07,0.011
24.03,0.105,0.011
24.06,0.07,0.011
24.1,0.07,0.011
24.13,0.105,0.011
24.16,0.105,0.011
24.19,0.07,0.011
24.23,0.105,0.011
24.26,0.07,0.011
24.29,0.07,0.023
24.32,0.07,0.011
24.36,0.07,0.011
24.39,0.14,0.023
24.42,0.07,0.011
24.45,0.07,0.023
24.49,0.07,0.023
24.52,0.105,0.011
24.55,0.105,0.011
24.59,0.105,0.023
24.62,0.105,0.011
24.65,0.105,0.023
24.68,0.07,0.011
24.72,0.105,0.023
24.75,0.07,0.011
24.78,0.035,0.011
24.81,0.07,0.011
24.85,0.105,0.011
24.88,0.07,0.023
24.91,0.07,0.011
24.94,0.105,0.023
24.98,0.07,0.023
25.01,0.07,0.011
25.04,0.105,0.023
25.07,0.07,0.023
25.11,0.07,0.011
25.14,0.07,0.011
25.17,0.105,0.023
25.2,0.07,0.023
25.24,0.105,0.023
25.27,0.105,0.023
25.3,0.105,0.011
25.33,0.07,0.011
25.37,0.105,0.011
25.4,0.07,0.011
25.43,0.105,0.023
25.46,0.105,0.011
25.5,0.07,0.011
25.53,0.07,0.023
25.56,0.105,0.011
25.59,0.105,0.011
25.63,0.07,0.023
25.66,0.07,0.011
25.69,0.07,0.023
25.72,0.105,0.011
25.76,0.105,0.011
25.79,0.07,0.023
25.82,0.07,0.023
25.86,0.07,0.023
25.89,0.105,0.011
25.92,0.07,0.023
25.95,0.07,0.011
25.99,0.07,0.011
26.02,0.07,0.011
26.05,0.07,0.011
26.08,0.105,0.023
26.12,0.035,0.023
26.15,0.105,0.011
26.18,0.105,0.023
26.21,0.07,0.023
26.25,0.105,0.023
26.28,0.105,0.023
26.31,0.105,0.011
26.34,0.07,0.011
26.38,0.105,0.023
26.41,0.07,0.011
26.44,0.07,0.023
26.47,0.07,0.011
26.51,0.07,0.011
26.54,0.07,0.023
26.57,0.07,0.011
26.6,0.07,0.023
26.64,0.105,0.011
26.67,0.105,0.011
26.7,0.105,0.011
26.73,0.035,0.023
26.77,0.07,0.011
26.8,0.07,0.011
26.83,0.105,0.011
26.86,0.07,0.011
26.9,0.105,0.023
26.93,0.07,0.011
26.96,0.14,0.023
26.99,0.07,0.023
27.03,0.07,0.023
27.06,0.105,0.011
27.09,0.105,0.011
27.13,0.035,0.011
27.16,0.105,0.023
27.19,0.07,0.011
27.22,0.07,0.023
27.26,0.07,0.023
27.29,0.105,0.011
27.32,0.105,0.023
27.35,0.07,0.023
27.39,0.07,0.011
27.42,0.07,0.023
27.45,0.07,0.023
27.48,0.105,0.011
27.52,0.07,0.023
27.55,0.105,0.023
27.58,0.105,0.023
27.61,0.07,0.011
27.65,0.105,0.011
27.68,0.07,0.011
27.71,0.07,0.023
27.74,0.07,0.011
27.78,0.105,0.011
27.81,0.105,0.023
27.84,0.07,0.023
27.87,0.07,0.023
27.91,0.07,0.011
27.94,0.07,0.023
27.97,0.07,0.011
28.0,0.07,0.011
28.04,0.07,0.011
28.07,0.07,0.011
28.1,0.07,0.011
28.13,0.07,0.011
28.17,0.07,0.023
28.2,0.07,0.011
28.23,0.105,0.023
28.26,0.105,0.011
28.3,0.105,0.011
28.33,0.07,0.011
28.36,0.07,0.011
28.4,0.105,0.011
28.43,0.07,0.023
28.46,0.07,0.023
28.49,0.105,0.023
28.53,0.07,0.011
28.56,0.105,0.011
28.59,0.07,0.011
28.62,0.07,0.011
28.66,0.07,0.023
28.69,0.07,0.023
28.72,0.07,0.023
28.75,0.07,0.011
28.79,0.07,0.023
28.82,0.105,0.011
28.85,0.105,0.023
28.88,0.105,0.011
28.92,0.07,0.023
28.95,0.07,0.023
28.98,0.105,0.011
29.01,0.105,0.011
29.05,0.07,0.023
29.08,0.105,0.011
29.11,0.035,0.011
29.14,0.07,0.011
29.18,0.07,0.023
29.21,0.07,0.023
29.24,0.07,0.023
29.27,0.105,0.011
29.31,0.07,0.011
29.34,0.105,0.023
29.37,0.07,0.011
29.4,0.105,0.023
29.44,0.105,0.023
29.47,0.07,0.011
29.5,0.07,0.011
29.53,0.07,0.011
29.57,0.07,0.011
29.6,0.07,0.011
29.63,0.105,0.011
29.67,0.105,0.011
29.7,0.07,0.023
29.73,0.07,0.023
29.76,0.07,0.023
29.8,0.105,0.023
29.83,0.07,0.011
29.86,0.07,0.023
29.89,0.07,0.011
29.93,0.105,0.023
29.96,0.105,0.023
29.99,0.105,0.023
30.02,0.105,0.023
30.06,0.105,0.023
30.09,0.105,0.023
30.12,0.07,0.011
30.15,0.105,0.023
30.19,0.105,0.011
30.22,0.105,0.023
30.25,0.07,0.023
30.28,0.07,0.011
30.32,0.07,0.023
30.35,0.105,0.011
30.38,0.105,0.023
30.41,0.07,0.023
30.45,0.105,0.011
30.48,0.07,0.023
30.51,0.105,0.023
30.54,0.07,0.023
30.58,0.105,0.023
30.61,0.07,0.011
30.64,0.105,0.011
30.67,0.105,0.023
30.71,0.07,0.011
30.74,0.105,0.011
30.77,0.07,0.011
30.8,0.105,0.011
30.84,0.07,0.011
30.87,0.105,0.011
30.9,0.105,0.011
30.94,0.07,0.011
30.97,0.07,0.011
31.0,0.105,0.023
31.03,0.07,0.023
31.07,0.105,0.023
31.1,0.07,0.023
31.13,0.105,0.023
31.16,0.105,0.023
31.2,0.07,0.011
31.23,0.105,0.011
31.26,0.07,0.011
31.29,0.105,0.011
31.33,0.105,0.023
31.36,0.07,0.011
31.39,0.07,0.011
31.42,0.105,0.011
31.46,0.105,0.023
31.49,0.07,0.023
31.52,0.105,0.023
31.55,0.105,0.011
31.59,0.105,0.023
31.62,0.07,0.011
31.65,0.105,0.023
31.68,0.105,0.023
31.72,0.07,0.023
31.75,0.07,0.023
31.78,0.07,0.023
31.81,0.07,0.023
31.85,0.07,0.023
31.88,0.07,0.011
31.91,0.105,0.011
31.94,0.105,0.011
31.98,0.105,0.011
32.01,0.07,0.011
32.04,0.105,0.011
32.07,0.07,0.011
32.11,0.07,0.011
32.14,0.105,0.011
32.17,0.07,0.023
32.21,0.07,0.011
32.24,0.105,0.023
32.27,0.105,0.011
32.3,0.105,0.011
32.34,0.14,0.023
32.37,0.07,0.011
32.4,0.07,0.011
32.43,0.07,0.023
32.47,0.105,0.011
32.5,0.07,0.023
32.53,0.105,0.011
32.56,0.105,0.011
32.6,0.07,0.011
32.63,0.14,0.011
32.66,0.07,0.023
32.69,0.105,0.011
32.73,0.105,0.023
32.76,0.07,0.023
32.79,0.07,0.011
32.82,0.07,0.023
32.86,0.07,0.011
32.89,0.07,0.023
32.92,0.07,0.011
32.95,0.07,0.023
32.99,0.07,0.011
33.02,0.07,0.023
33.05,0.07,0.011
33.08,0.07,0.023
33.12,0.105,0.011
33.15,0.105,0.011
33.18,0.07,0.011
33.21,0.105,0.023
33.25,0.07,0.023
33.28,0.07,0.011
33.31,0.07,0.011
33.34,0.07,0.011
33.38,0.07,0.011
33.41,0.105,0.011
33.44,0.07,0.011
33.47,0.105,0.023
33.51,0.105,0.011
33.54,0.105,0.011
33.57,0.105,0.011
33.61,0.07,0.023
33.64,0.07,0.023
33.67,0.105,0.011
33.7,0.07,0.023
33.74,0.07,0.023
33.77,0.105,0.023
33.8,0.105,0.011
33.83,0.07,0.011
33.87,0.07,0.011
33.9,0.07,0.011
33.93,0.035,0.023
33.96,0.07,0.023
34.0,0.07,0.011
34.03,0.07,0.023
34.06,0.07,0.011
34.09,0.07,0.023
34.13,0.105,0.011
34.16,0.105,0.011
34.19,0.07,0.023
34.22,0.105,0.023
34.26,0.07,0.011
34.29,0.07,0.011
34.32,0.14,0.023
34.35,0.07,0.023
34.39,0.105,0.023
34.42,0.105,0.023
34.45,0.105,0.011
34.48,0.07,0.011
34.52,0.105,0.011
34.55,0.07,0.023
34.58,0.07,0.011
34.61,0.07,0.011
34.65,0.105,0.011
34.68,0.07,0.023
34.71,0.07,0.011
34.74,0.07,0.011
34.78,0.07,0.023
34.81,0.14,0.011
34.84,0.07,0.023
34.88,0.07,0.023
34.91,0.07,0.011
34.94,0.07,0.011
34.97,0.035,0.023
35.01,0.14,0.023
35.04,0.07,0.023
35.07,0.105,0.023
35.1,0.105,0.011
35.14,0.07,0.011
35.17,0.07,0.011
35.2,0.105,0.011
35.23,0.07,0.023
35.27,0.07,0.023
35.3,0.105,0.011
35.33,0.105,0.011
35.36,0.07,0.011
35.4,0.105,0.023
35.43,0.035,0.023
35.46,0.07,0.023
35.49,0.07,0.023
35.53,0.07,0.023
35.56,0.07,0.011
35.59,0.07,0.023
35.62,0.14,0.011
35.66,0.105,0.011
35.69,0.105,0.011
35.72,0.07,0.011
35.75,0.105,0.023
35.79,0.07,0.023
35.82,0.07,0.023
35.85,0.07,0.023
35.88,0.105,0.011
35.92,0.105,0.011
35.95,0.07,0.011
35.98,0.105,0.023
36.01,0.07,0.011
36.05,0.07,0.023
36.08,0.07,0.011
36.11,0.105,0.023
36.15,0.105,0.0
36.18,0.07,0.011
36.21,0.105,0.011
36.24,0.105,0.023
36.28,0.035,0.023
36.31,0.105,0.023
36.34,0.07,0.011
36.37,0.07,0.023
36.41,0.07,0.023
36.44,0.105,0.011
36.47,0.07,0.023
36.5,0.14,0.011
36.54,0.07,0.011
36.57,0.14,0.011
36.6,0.07,0.023
36.63,0.07,0.023
36.67,0.07,0.011
36.7,0.105,0.011
36.73,0.105,0.023
36.76,0.14,0.023
36.8,0.105,0.023
36.83,0.105,0.023
36.86,0.07,0.011
36.89,0.14,0.011
36.93,0.07,0.023
36.96,0.07,0.023
36.99,0.105,0.011
37.02,0.07,0.023
37.06,0.105,0.023
37.09,0.105,0.011
37.12,0.07,0.023
37.15,0.105,0.023
37.19,0.105,0.023
37.22,0.105,0.011
37.25,0.105,0.023
37.28,0.105,0.011
37.32,0.07,0.023
37.35,0.07,0.023
37.38,0.07,0.011
37.42,0.105,0.023
37.45,0.105,0.011
37.48,0.14,0.011
37.51,0.105,0.023
37.55,0.105,0.011
37.58,0.105,0.011
37.61,0.105,0.023
37.64,0.07,0.023
37.68,0.105,0.023
37.71,0.14,0.023
37.74,0.07,0.023
37.77,0.105,0.011
37.81,0.07,0.023
37.84,0.105,0.011
37.87,0.07,0.011
37.9,0.07,0.023
37.94,0.105,0.011
37.97,0.14,0.011
38.0,0.07,0.011
38.03,0.07,0.023
38.07,0.14,0.011
38.1,0.105,0.011
38.13,0.07,0.011
38.16,0.07,0.023
38.2,0.07,0.023
38.23,0.105,0.023
38.26,0.105,0.023
38.29,0.07,0.011
38.33,0.105,0.011
38.36,0.105,0.011
38.39,0.105,0.011
38.42,0.07,0.023
38.46,0.07,0.011
38.49,0.07,0.011
38.52,0.105,0.011
38.55,0.07,0.011
38.59,0.07,0.023
38.62,0.105,0.011
38.65,0.105,0.011
38.69,0.07,0.023
38.72,0.07,0.011
38.75,0.07,0.011
38.78,0.105,0.023
38.82,0.07,0.011
38.85,0.07,0.023
38.88,0.14,0.011
38.91,0.07,0.011
38.95,0.07,0.011
38.98,0.105,0.011
39.01,0.07,0.011
39.04,0.07,0.023
39.08,0.07,0.011
39.11,0.07,0.011
39.14,0.07,0.0
39.17,0.105,0.023
39.21,0.105,0.011
39.24,0.07,0.023
39.27,0.105,0.011
39.3,0.14,0.023
39.34,0.035,0.011
39.37,0.105,0.023
39.4,0.07,0.023
39.43,0.07,0.011
39.47,0.105,0.023
39.5,0.07,0.023
39.53,0.07,0.023
39.56,0.07,0.023
39.6,0.07,0.023
39.63,0.105,0.023
39.66,0.07,0.023
39.69,0.105,0.011
39.73,0.07,0.023
39.76,0.07,0.011
39.79,0.07,0.011
39.82,0.105,0.011
39.86,0.105,0.023
39.89,0.105,0.023
39.92,0.105,0.023
39.96,0.07,0.023
39.99,0.105,0.023
40.02,0.07,0.011
40.05,0.105,0.023
40.09,0.07,0.023
40.12,0.105,0.011
40.15,0.105,0.023
40.18,0.07,0.023
40.22,0.105,0.011
40.25,0.07,0.023
40.28,0.105,0.011
40.31,0.105,0.011
40.35,0.07,0.023
40.38,0.105,0.023
40.41,0.07,0.011
40.44,0.07,0.011
40.48,0.105,0.023
40.51,0.07,0.011
40.54,0.105,0.011
40.57,0.07,0.023
40.61,0.07,0.011
40.64,0.07,0.023
40.67,0.105,0.011
40.7,0.105,0.011
40.74,0.105,0.023
40.77,0.07,0.023
40.8,0.07,0.011
40.83,0.105,0.011
40.87,0.07,0.011
40.9,0.07,0.023
40.93,0.07,0.011
40.96,0.105,0.011
41.0,0.07,0.011
41.03,0.14,0.023
41.06,0.07,0.011
41.09,0.105,0.023
41.13,0.105,0.011
41.16,0.07,0.023
41.19,0.07,0.011
41.23,0.105,0.023
41.26,0.105,0.023
41.29,0.07,0.023
41.32,0.07,0.023
41.36,0.105,0.011
41.39,0.07,0.023
41.42,0.105,0.011
41.45,0.07,0.011
41.49,0.105,0.023
41.52,0.07,0.011
41.55,0.105,0.011
41.58,0.105,0.011
41.62,0.07,0.023
41.65,0.07,0.011
41.68,0.07,0.011
41.71,0.105,0.011
41.75,0.105,0.011
41.78,0.07,0.023
41.81,0.105,0.011
41.84,0.105,0.011
41.88,0.105,0.023
41.91,0.105,0.011
41.94,0.07,0.011
41.97,0.105,0.023
42.01,0.07,0.023
42.04,0.07,0.011
42.07,0.105,0.011
42.1,0.105,0.023
42.14,0.14,0.011
42.17,0.105,0.011
42.2,0.07,0.023
42.23,0.07,0.023
42.27,0.105,0.023
42.3,0.07,0.023
42.33,0.105,0.023
42.36,0.07,0.011
42.4,0.105,0.023
42.43,0.07,0.011
42.46,0.07,0.011
42.49,0.105,0.011
42.53,0.105,0.011
42.56,0.07,0.011
42.59,0.07,0.011
42.63,0.105,0.011
42.66,0.07,0.011
42.69,0.07,0.011
42.72,0.105,0.011
42.76,0.07,0.023
42.79,0.105,0.023
42.82,0.105,0.011
42.85,0.07,0.011
42.89,0.105,0.011
42.92,0.07,0.011
42.95,0.105,0.011
42.98,0.07,0.023
43.02,0.105,0.023
43.05,0.07,0.011
43.08,0.105,0.023
43.11,0.07,0.023
43.15,0.07,0.011
43.18,0.105,0.011
43.21,0.105,0.011
43.24,0.07,0.011
43.28,0.07,0.023
43.31,0.07,0.011
43.34,0.035,0.023
43.37,0.105,0.023
43.41,0.105,0.023
43.44,0.105,0.023
43.47,0.07,0.023
43.5,0.07,0.023
43.54,0.105,0.023
43.57,0.105,0.011
43.6,0.105,0.011
43.63,0.07,0.011
43.67,0.105,0.011
43.7,0.105,0.023
43.73,0.07,0.023
43.76,0.07,0.023
43.8,0.07,0.023
43.83,0.105,0.023
43.86,0.07,0.023
43.9,0.105,0.011
43.93,0.105,0.011
43.96,0.105,0.023
43.99,0.07,0.011
44.03,0.07,0.023
44.06,0.105,0.011
44.09,0.07,0.011
44.12,0.07,0.011
44.16,0.105,0.011
44.19,0.105,0.011
44.22,0.07,0.023
44.25,0.07,0.023
44.29,0.07,0.011
44.32,0.105,0.011
44.35,0.07,0.011
44.38,0.07,0.023
44.42,0.07,0.011
44.45,0.105,0.011
44.48,0.07,0.011
44.51,0.07,0.023
44.55,0.105,0.023
44.58,0.105,0.023
44.61,0.105,0.011
44.64,0.07,0.011
44.68,0.035,0.011
44.71,0.105,0.011
44.74,0.07,0.011
44.77,0.105,0.011
44.81,0.07,0.011
44.84,0.105,0.023
44.87,0.07,0.011
44.9,0.035,0.011
44.94,0.07,0.011
44.97,0.105,0.023
45.0,0.105,0.011
45.03,0.105,0.011
45.07,0.07,0.023
45.1,0.07,0.023
45.13,0.07,0.023
45.17,0.07,0.023
45.2,0.07,0.023
45.23,0.105,0.023
45.26,0.07,0.023
45.3,0.105,0.011
45.33,0.07,0.023
45.36,0.07,0.011
45.39,0.07,0.023
45.43,0.07,0.023
45.46,0.07,0.011
45.49,0.07,0.011
45.52,0.105,0.011
45.56,0.07,0.011
45.59,0.07,0.011
45.62,0.07,0.011
45.65,0.07,0.023
45.69,0.07,0.011
45.72,0.07,0.011
45.75,0.105,0.011
45.78,0.105,0.011
45.82,0.105,0.023
45.85,0.105,0.023
45.88,0.105,0.011
45.91,0.07,0.011
45.95,0.105,0.023
45.98,0.07,0.023
46.01,0.07,0.011
46.04,0.07,0.011
46.08,0.07,0.023
46.11,0.07,0.011
46.14,0.105,0.011
46.17,0.105,0.023
46.21,0.035,0.011
46.24,0.105,0.023
46.27,0.07,0.023
46.3,0.105,0.011
46.34,0.07,0.023
46.37,0.07,0.011
46.4,0.105,0.023
46.44,0.105,0.011
46.47,0.105,0.023
46.5,0.105,0.023
46.53,0.105,0.011
46.57,0.105,0.023
46.6,0.105,0.023
46.63,0.07,0.011
46.66,0.105,0.011
46.7,0.105,0.011
46.73,0.07,0.011
46.76,0.07,0.011
46.79,0.07,0.011
46.83,0.07,0.011
46.86,0.105,0.023
46.89,0.07,0.011
46.92,0.105,0.011
46.96,0.105,0.011
46.99,0.105,0.011
47.02,0.14,0.011
47.05,0.07,0.011
47.09,0.07,0.023
47.12,0.07,0.023
47.15,0.105,0.011
47.18,0.07,0.011
47.22,0.07,0.023
47.25,0.105,0.023
47.28,0.07,0.011
47.31,0.105,0.023
47.35,0.07,0.011
47.38,0.07,0.011
47.41,0.035,0.023
47.44,0.07,0.011
47.48,0.07,0.011
47.51,0.07,0.023
47.54,0.105,0.011
47.57,0.07,0.023
47.61,0.07,0.023
47.64,0.14,0.011
47.67,0.07,0.011
47.71,0.105,0.023
47.74,0.07,0.011
47.77,0.105,0.011
47.8,0.105,0.011
47.84,0.035,0.011
47.87,0.105,0.023
47.9,0.07,0.023
47.93,0.07,0.023
47.97,0.07,0.023
48.0,0.07,0.011
48.03,0.105,0.011
48.06,0.07,0.011
48.1,0.105,0.023
48.13,0.07,0.023
48.16,0.105,0.011
48.19,0.105,0.011
48.23,0.105,0.023
48.26,0.105,0.023
48.29,0.07,0.023
48.32,0.105,0.023
48.36,0.035,0.023
48.39,0.105,0.023
48.42,0.14,0.011
48.45,0.105,0.011
48.49,0.105,0.011
48.52,0.07,0.011
48.55,0.105,0.023
48.58,0.105,0.011
48.62,0.105,0.011
48.65,0.07,0.011
48.68,0.07,0.023
48.71,0.07,0.023
48.75,0.07,0.023
48.78,0.07,0.011
48.81,0.07,0.023
48.84,0.07,0.023
48.88,0.105,0.023
48.91,0.07,0.023
48.94,0.07,0.011
48.98,0.07,0.023
49.01,0.105,0.023
49.04,0.035,0.023
49.07,0.07,0.011
49.11,0.07,0.011
49.14,0.07,0.011
49.17,0.07,0.023
49.2,0.07,0.023
49.24,0.035,0.023
49.27,0.07,0.023
49.3,0.07,0.011
49.33,0.07,0.023
49.37,0.07,0.023
49.4,0.07,0.023
49.43,0.105,0.011
49.46,0.105,0.011
49.5,0.07,0.011
49.53,0.105,0.023
49.56,0.105,0.011
49.59,0.105,0.023
49.63,0.07,0.023
49.66,0.14,0.011
49.69,0.105,0.011
49.72,0.07,0.011
49.76,0.14,0.011
49.79,0.07,0.011
49.82,0.07,0.023
49.85,0.07,0.011
49.89,0.105,0.011
49.92,0.105,0.011
49.95,0.105,0.023
49.98,0.105,0.011
50.02,0.105,0.011
50.05,0.105,0.011
50.08,0.14,0.011
50.11,0.105,0.023
50.15,0.105,0.023
50.18,0.105,0.023
50.21,0.07,0.023
50.25,0.07,0.023
50.28,0.07,0.023
50.31,0.105,0.023
50.34,0.07,0.011
50.38,0.105,0.023
50.41,0.105,0.023
50.44,0.14,0.023
50.47,0.105,0.011
50.51,0.105,0.011
50.54,0.07,0.011
50.57,0.07,0.011
50.6,0.07,0.011
50.64,0.07,0.023
50.67,0.105,0.023
50.7,0.07,0.011
50.73,0.07,0.011
50.77,0.07,0.011
50.8,0.07,0.023
50.83,0.105,0.023
50.86,0.07,0.011
50.9,0.105,0.011
50.93,0.07,0.011
50.96,0.07,0.011
50.99,0.07,0.011
51.03,0.07,0.011
51.06,0.07,0.011
51.09,0.105,0.011
51.12,0.07,0.011
51.16,0.07,0.011
51.19,0.07,0.023
51.22,0.07,0.023
51.25,0.07,0.011
51.29,0.07,0.011
51.32,0.105,0.011
51.35,0.105,0.011
51.38,0.07,0.011
51.42,0.105,0.023
51.45,0.07,0.023
51.48,0.14,0.023
51.51,0.07,0.011
51.55,0.07,0.011
51.58,0.07,0.023
51.61,0.07,0.011
51.65,0.105,0.023
51.68,0.07,0.011
51.71,0.07,0.023
51.74,0.07,0.011
51.78,0.105,0.023
51.81,0.07,0.011
51.84,0.07,0.011
51.87,0.07,0.011
51.91,0.07,0.011
51.94,0.105,0.011
51.97,0.07,0.023
52.0,0.07,0.011
52.04,0.14,0.023
52.07,0.0,0.023
52.1,0.14,0.011
52.13,0.07,0.011
52.17,0.07,0.011
52.2,0.07,0.023
52.23,0.105,0.023
52.26,0.07,0.023
52.3,0.105,0.011
52.33,0.105,0.023
52.36,0.07,0.023
52.39,0.105,0.023
52.43,0.07,0.023
52.46,0.07,0.023
52.49,0.14,0.023
52.52,0.07,0.011
52.56,0.07,0.011
52.59,0.07,0.011
52.62,0.07,0.023
52.65,0.105,0.011
52.69,0.07,0.023
52.72,0.105,0.011
52.75,0.105,0.023
52.78,0.07,0.011
52.82,0.07,0.023
52.85,0.07,0.011
52.88,0.105,0.023
52.92,0.105,0.011
52.95,0.105,0.011
52.98,0.07,0.023
53.01,0.07,0.011
53.05,0.105,0.023
53.08,0.07,0.023
53.11,0.07,0.023
53.14,0.07,0.023
53.18,0.105,0.023
53.21,0.07,0.011
53.24,0.105,0.023
53.27,0.07,0.023
53.31,0.07,0.011
53.34,0.07,0.011
53.37,0.105,0.011
53.4,0.07,0.011
53.44,0.07,0.011
53.47,0.105,0.023
53.5,0.07,0.011
53.53,0.105,0.011
53.57,0.07,0.011
53.6,0.07,0.011
53.63,0.105,0.023
53.66,0.105,0.023
53.7,0.07,0.011
53.73,0.07,0.011
53.76,0.07,0.023
53.79,0.07,0.023
53.83,0.07,0.023
53.86,0.14,0.011
53.89,0.105,0.011
53.92,0.07,0.011
53.96,0.07,0.023
53.99,0.105,0.023
54.02,0.07,0.011
54.05,0.14,0.011
54.09,0.105,0.011
54.12,0.07,0.011
54.15,0.105,0.011
54.19,0.07,0.023
54.22,0.105,0.011
54.25,0.07,0.023
54.28,0.105,0.011
54.32,0.105,0.011
54.35,0.07,0.011
54.38,0.07,0.023
54.41,0.07,0.023
54.45,0.07,0.011
54.48,0.07,0.023
54.51,0.07,0.011
54.54,0.105,0.023
54.58,0.07,0.011
54.61,0.105,0.011
54.64,0.07,0.023
54.67,0.07,0.023
54.71,0.07,0.023
54.74,0.14,0.011
54.77,0.14,0.011
54.8,0.105,0.011
54.84,0.105,0.011
54.87,0.07,0.011
54.9,0.07,0.023
54.93,0.07,0.011
54.97,0.14,0.023
55.0,0.07,0.023
55.03,0.14,0.011
55.06,0.105,0.011
55.1,0.14,0.011
55.13,0.105,0.011
55.16,0.07,0.023
55.19,0.105,0.023
55.23,0.07,0.011
55.26,0.105,0.023
55.29,0.105,0.011
55.32,0.105,0.023
55.36,0.105,0.023
55.39,0.07,0.023
55.42,0.105,0.011
55.46,0.07,0.011
55.49,0.07,0.023
55.52,0.105,0.011
55.55,0.105,0.023
55.59,0.07,0.011
55.62,0.07,0.023
55.65,0.07,0.023
55.68,0.105,0.023
55.72,0.105,0.023
55.75,0.07,0.023
55.78,0.07,0.023
55.81,0.07,0.011
55.85,0.105,0.011
55.88,0.07,0.023
55.91,0.07,0.023
55.94,0.105,0.023
55.98,0.14,0.023
56.01,0.07,0.011
56.04,0.07,0.011
56.07,0.07,0.023
56.11,0.105,0.023
56.14,0.07,0.023
56.17,0.105,0.011
56.2,0.105,0.023
56.24,0.07,0.023
56.27,0.105,0.023
56.3,0.105,0.023
56.33,0.07,0.011
56.37,0.14,0.011
56.4,0.07,0.023
56.43,0.07,0.023
56.46,0.105,0.011
56.5,0.105,0.011
56.53,0.07,0.011
56.56,0.07,0.011
56.59,0.07,0.011
56.63,0.07,0.011
56.66,0.105,0.011
56.69,0.07,0.011
56.73,0.07,0.011
56.76,0.105,0.011
56.79,0.105,0.011
56.82,0.07,0.011
56.86,0.105,0.011
56.89,0.105,0.011
56.92,0.07,0.011
56.95,0.105,0.011
56.99,0.07,0.023
57.02,0.07,0.023
57.05,0.07,0.011
57.08,0.07,0.011
57.12,0.105,0.023
57.15,0.105,0.011
57.18,0.07,0.011
57.21,0.105,0.023
57.25,0.105,0.023
57.28,0.07,0.023
57.31,0.105,0.023
57.34,0.105,0.011
57.38,0.07,0.023
57.41,0.105,0.023
57.44,0.105,0.011
57.47,0.07,0.023
57.51,0.105,0.011
57.54,0.105,0.023
57.57,0.105,0.023
57.6,0.07,0.011
57.64,0.07,0.011
57.67,0.105,0.011
57.7,0.07,0.011
57.73,0.07,0.023
57.77,0.105,0.011
57.8,0.07,0.011
57.83,0.035,0.011
57.86,0.105,0.011
57.9,0.105,0.023
57.93,0.07,0.011
57.96,0.07,0.023
58.0,0.105,0.023
58.03,0.07,0.023
58.06,0.07,0.011
58.09,0.14,0.011
58.13,0.105,0.011
58.16,0.105,0.011
58.19,0.105,0.011
58.22,0.07,0.011
58.26,0.07,0.023
58.29,0.14,0.011
58.32,0.105,0.011
58.35,0.07,0.023
58.39,0.105,0.023
58.42,0.035,0.023
58.45,0.07,0.023
58.48,0.105,0.023
58.52,0.105,0.023
58.55,0.105,0.011
58.58,0.07,0.023
58.61,0.07,0.023
58.65,0.105,0.011
58.68,0.07,0.011
58.71,0.07,0.011
58.74,0.105,0.011
58.78,0.07,0.023
58.81,0.07,0.011
58.84,0.07,0.023
58.87,0.07,0.023
58.91,0.07,0.011
58.94,0.07,0.011
58.97,0.105,0.023
59.0,0.105,0.023
59.04,0.07,0.023
59.07,0.105,0.011
59.1,0.105,0.011
59.13,0.07,0.011
59.17,0.07,0.011
59.2,0.105,0.011
59.23,0.105,0.011
59.27,0.07,0.011
59.3,0.07,0.011
59.33,0.07,0.023
59.36,0.07,0.011
59.4,0.105,0.011
59.43,0.07,0.023
59.46,0.105,0.011
59.49,0.105,0.011
59.53,0.07,0.011
59.56,0.105,0.011
59.59,0.07,0.023
59.62,0.105,0.023
59.66,0.105,0.023
59.69,0.105,0.011
59.72,0.105,0.023
59.75,0.105,0.011
59.79,0.105,0.023
59.82,0.07,0.011
59.85,0.07,0.023
59.88,0.07,0.023
59.92,0.07,0.023
59.95,0.105,0.023
59.98,0.07,0.023
60.01,0.105,0.011
60.05,0.07,0.011
60.08,0.105,0.023
60.11,0.105,0.023
60.14,0.07,0.011
60.18,0.105,0.023
60.21,0.105,0.011
60.24,0.07,0.011
60.27,0.07,0.023
60.31,0.07,0.023
60.34,0.07,0.011
60.37,0.07,0.023
60.4,0.07,0.023
60.44,0.105,0.023
60.47,0.105,0.023
60.5,0.105,0.011
60.53,0.105,0.023
60.57,0.07,0.011
60.6,0.105,0.023
60.63,0.105,0.011
60.67,0.105,0.011
60.7,0.105,0.011
60.73,0.105,0.011
60.76,0.105,0.011
60.8,0.105,0.011
60.83,0.07,0.011
60.86,0.07,0.011
60.89,0.105,0.011
60.93,0.07,0.023
60.96,0.105,0.023
60.99,0.07,0.011
61.02,0.07,0.023
61.06,0.07,0.023
61.09,0.07,0.023
61.12,0.07,0.023
61.15,0.105,0.011
61.19,0.07,0.023
61.22,0.07,0.023
61.25,0.07,0.023
61.28,0.07,0.011
61.32,0.07,0.023
61.35,0.07,0.011
61.38,0.07,0.011
61.41,0.07,0.023
61.45,0.105,0.023
61.48,0.07,0.023
61.51,0.105,0.023
61.54,0.105,0.023
61.58,0.07,0.023
61.61,0.07,0.023
61.64,0.07,0.011
61.67,0.105,0.011
61.71,0.105,0.011
61.74,0.105,0.011
61.77,0.105,0.011
61.8,0.07,0.011
61.84,0.105,0.011
61.87,0.07,0.023
61.9,0.07,0.011
61.94,0.105,0.011
61.97,0.07,0.011
62.0,0.07,0.023
62.03,0.105,0.011
62.07,0.07,0.011
62.1,0.07,0.011
62.13,0.105,0.011
62.16,0.07,0.011
62.2,0.105,0.023
62.23,0.07,0.023
62.26,0.07,0.023
62.29,0.07,0.011
62.33,0.07,0.011
62.36,0.07,0.023
62.39,0.105,0.023
62.42,0.105,0.023
62.46,0.105,0.011
62.49,0.105,0.023
62.52,0.105,0.011
62.55,0.105,0.011
62.59,0.07,0.023
62.62,0.07,0.011
62.65,0.07,0.023
62.68,0.105,0.023
62.72,0.105,0.023
62.75,0.07,0.023
62.78,0.07,0.023
62.81,0.07,0.023
62.85,0.105,0.023
62.88,0.105,0.023
62.91,0.07,0.023
62.94,0.07,0.023
62.98,0.105,0.011
63.01,0.07,0.023
63.04,0.105,0.011
63.07,0.07,0.011
63.11,0.105,0.023
63.14,0.07,0.011
63.17,0.105,0.011
63.21,0.105,0.023
63.24,0.07,0.011
63.27,0.07,0.023
63.3,0.07,0.011
63.34,0.105,0.023
63.37,0.07,0.011
63.4,0.105,0.023
63.43,0.105,0.023
63.47,0.105,0.011
63.5,0.105,0.023
63.53,0.07,0.023
63.56,0.07,0.023
63.6,0.07,0.023
63.63,0.07,0.023
63.66,0.07,0.011
63.69,0.105,0.023
63.73,0.105,0.011
63.76,0.07,0.011
63.79,0.07,0.011
63.82,0.07,0.023
63.86,0.07,0.023
63.89,0.07,0.011
63.92,0.105,0.023
63.95,0.07,0.023
63.99,0.07,0.011
64.02,0.07,0.023
64.05,0.07,0.023
64.08,0.07,0.023
64.12,0.07,0.023
64.15,0.14,0.011
64.18,0.105,0.011
64.21,0.105,0.011
64.25,0.105,0.023
64.28,0.07,0.023
64.31,0.105,0.011
64.34,0.07,0.011
64.38,0.07,0.023
64.41,0.07,0.023
64.44,0.07,0.011
64.48,0.07,0.011
64.51,0.105,0.023
64.54,0.105,0.011
64.57,0.07,0.023
64.61,0.07,0.011
64.64,0.105,0.011
64.67,0.105,0.011
64.7,0.07,0.023
64.74,0.07,0.023
64.77,0.105,0.011
64.8,0.07,0.011
64.83,0.07,0.011
64.87,0.105,0.023
64.9,0.07,0.011
64.93,0.07,0.023
64.96,0.07,0.011
65.0,0.105,0.011
65.03,0.105,0.011
65.06,0.105,0.023
65.09,0.07,0.023
65.13,0.07,0.023
65.16,0.07,0.011
65.19,0.105,0.011
65.22,0.07,0.023
65.26,0.07,0.023
65.29,0.07,0.023
65.32,0.105,0.023
65.35,0.07,0.011
65.39,0.07,0.023
65.42,0.07,0.023
65.45,0.105,0.011
65.48,0.105,0.023
65.52,0.07,0.023
65.55,0.07,0.011
65.58,0.105,0.011
65.61,0.07,0.011
65.65,0.105,0.023
65.68,0.07,0.011
65.71,0.035,0.011
65.75,0.07,0.011
65.78,0.07,0.011
65.81,0.14,0.023
65.84,0.07,0.023
65.88,0.07,0.011
65.91,0.07,0.023
65.94,0.07,0.023
65.97,0.07,0.023
66.01,0.14,0.023
66.04,0.07,0.023
66.07,0.07,0.011
66.1,0.14,0.011
66.14,0.07,0.023
66.17,0.07,0.011
66.2,0.105,0.011
66.23,0.105,0.011
66.27,0.105,0.023
66.3,0.07,0.011
66.33,0.07,0.011
66.36,0.07,0.011
66.4,0.07,0.023
66.43,0.105,0.011
66.46,0.105,0.023
66.49,0.105,0.023
66.53,0.14,0.011
66.56,0.105,0.011
66.59,0.07,0.023
66.62,0.07,0.023
66.66,0.07,0.011
66.69,0.07,0.023
66.72,0.07,0.011
66.75,0.14,0.023
66.79,0.07,0.011
66.82,0.07,0.011
66.85,0.07,0.023
66.88,0.07,0.023
66.92,0.07,0.023
66.95,0.07,0.023
66.98,0.14,0.011
67.02,0.07,0.011
67.05,0.14,0.011
67.08,0.07,0.011
67.11,0.105,0.011
67.15,0.07,0.011
67.18,0.105,0.023
67.21,0.07,0.011
67.24,0.105,0.011
67.28,0.07,0.023
67.31,0.07,0.011
67.34,0.105,0.011
67.37,0.07,0.011
67.41,0.105,0.011
67.44,0.07,0.011
67.47,0.14,0.011
67.5,0.07,0.011
67.54,0.105,0.011
67.57,0.07,0.011
67.6,0.105,0.011
67.63,0.07,0.011
67.67,0.07,0.011
67.7,0.105,0.023
67.73,0.07,0.011
67.76,0.105,0.023
67.8,0.07,0.011
67.83,0.07,0.011
67.86,0.105,0.023
67.89,0.105,0.011
67.93,0.07,0.011
67.96,0.105,0.011
67.99,0.14,0.011
68.02,0.105,0.011
68.06,0.07,0.023
68.09,0.105,0.023
68.12,0.07,0.023
68.15,0.07,0.023
68.19,0.105,0.011
68.22,0.07,0.011
68.25,0.105,0.023
68.29,0.105,0.011
68.32,0.105,0.011
68.35,0.07,0.011
68.38,0.07,0.023
68.42,0.105,0.023
68.45,0.07,0.011
68.48,0.07,0.023
68.51,0.14,0.011
68.55,0.105,0.011
68.58,0.105,0.023
68.61,0.07,0.023
68.64,0.105,0.011
68.68,0.07,0.011
68.71,0.07,0.023
68.74,0.07,0.011
68.77,0.07,0.011
68.81,0.105,0.011
68.84,0.07,0.023
68.87,0.14,0.011
68.9,0.07,0.023
68.94,0.105,0.023
68.97,0.105,0.011
69.0,0.07,0.011
69.03,0.07,0.023
69.07,0.07,0.011
69.1,0.105,0.023
69.13,0.07,0.023
69.16,0.105,0.011
69.2,0.07,0.023
69.23,0.07,0.011
69.26,0.105,0.023
69.29,0.07,0.023
69.33,0.07,0.023
69.36,0.07,0.011
69.39,0.14,0.023
69.42,0.105,0.011
69.46,0.14,0.011
69.49,0.105,0.011
69.52,0.07,0.023
69.55,0.035,0.023
69.59,0.07,0.011
69.62,0.105,0.023
69.65,0.14,0.023
69.69,0.07,0.023
69.72,0.07,0.011
69.75,0.07,0.011
69.78,0.105,0.011
69.82,0.07,0.011
69.85,0.07,0.011
69.88,0.07,0.023
69.91,0.07,0.023
69.95,0.105,0.011
69.98,0.07,0.011
70.01,0.105,0.023
70.04,0.07,0.011
70.08,0.07,0.011
70.11,0.07,0.011
70.14,0.105,0.011
70.17,0.105,0.011
70.21,0.105,0.023
70.24,0.105,0.023
70.27,0.105,0.023
70.3,0.07,0.011
70.34,0.07,0.023
70.37,0.07,0.011
70.4,0.07,0.011
70.43,0.105,0.011
70.47,0.105,0.011
70.5,0.07,0.023
70.53,0.07,0.011
70.56,0.105,0.023
70.6,0.105,0.023
70.63,0.07,0.023
70.66,0.14,0.011
70.69,0.105,0.023
70.73,0.07,0.011
70.76,0.035,0.023
70.79,0.105,0.011
70.82,0.105,0.023
70.86,0.14,0.023
70.89,0.105,0.011
70.92,0.07,0.011
70.96,0.105,0.011
70.99,0.07,0.011
71.02,0.07,0.023
71.05,0.105,0.023
71.09,0.07,0.011
71.12,0.07,0.023
71.15,0.07,0.011
71.18,0.105,0.023
71.22,0.07,0.011
71.25,0.105,0.011
71.28,0.105,0.011
71.31,0.105,0.011
71.35,0.105,0.023
71.38,0.07,0.011
71.41,0.105,0.011
71.44,0.07,0.011
71.48,0.07,0.011
71.51,0.14,0.011
71.54,0.14,0.011
71.57,0.14,0.011
71.61,0.105,0.011
71.64,0.07,0.011
71.67,0.07,0.023
71.7,0.07,0.011
71.74,0.07,0.011
71.77,0.105,0.023
71.8,0.105,0.023
71.83,0.105,0.011
71.87,0.105,0.023
71.9,0.07,0.023
71.93,0.07,0.011
71.96,0.105,0.023
72.0,0.07,0.023
72.03,0.07,0.023
72.06,0.07,0.023
72.09,0.07,0.023
72.13,0.07,0.023
72.16,0.07,0.011
72.19,0.07,0.011
72.23,0.105,0.023
72.26,0.07,0.023
72.29,0.105,0.011
72.32,0.07,0.011
72.36,0.105,0.011
72.39,0.035,0.011
72.42,0.07,0.023
72.45,0.07,0.023
72.49,0.105,0.023
72.52,0.07,0.023
72.55,0.07,0.011
72.58,0.07,0.011
72.62,0.07,0.023
72.65,0.07,0.023
72.68,0.105,0.023
72.71,0.07,0.023
72.75,0.105,0.011
72.78,0.07,0.023
72.81,0.07,0.023
72.84,0.105,0.011
72.88,0.07,0.011
72.91,0.07,0.023
72.94,0.14,0.023
72.97,0.07,0.011
73.01,0.105,0.011
73.04,0.105,0.011
73.07,0.07,0.011
73.1,0.07,0.011
73.14,0.07,0.011
73.17,0.07,0.011
73.2,0.07,0.023
73.23,0.07,0.023
73.27,0.07,0.023
73.3,0.105,0.011
73.33,0.07,0.023
73.36,0.07,0.011
73.4,0.07,0.023
73.43,0.07,0.023
73.46,0.07,0.011
73.5,0.07,0.011
73.53,0.105,0.023
73.56,0.105,0.011
73.59,0.07,0.011
73.63,0.07,0.011
73.66,0.105,0.023
73.69,0.105,0.023
73.72,0.07,0.011
73.76,0.105,0.011
73.79,0.105,0.011
73.82,0.105,0.023
73.85,0.07,0.023
73.89,0.07,0.011
73.92,0.07,0.011
73.95,0.07,0.011
73.98,0.07,0.023
74.02,0.105,0.023
74.05,0.105,0.023
74.08,0.07,0.011
74.11,0.105,0.023
74.15,0.105,0.011
74.18,0.105,0.011
74.21,0.07,0.023
74.24,0.105,0.011
74.28,0.07,0.023
74.31,0.07,0.011
74.34,0.07,0.011
74.37,0.105,0.023
74.41,0.07,0.023
74.44,0.07,0.011
74.47,0.07,0.011
74.5,0.07,0.011
74.54,0.105,0.011
74.57,0.105,0.011
74.6,0.07,0.023
74.63,0.07,0.011
74.67,0.105,0.023
74.7,0.07,0.011
74.73,0.07,0.011
74.77,0.07,0.011
74.8,0.07,0.023
74.83,0.07,0.023
74.86,0.105,0.011
74.9,0.105,0.023
74.93,0.105,0.011
74.96,0.105,0.011
74.99,0.07,0.011
75.03,0.105,0.011
75.06,0.07,0.023
75.09,0.105,0.011
75.12,0.07,0.023
75.16,0.07,0.023
75.19,0.07,0.023
75.22,0.14,0.011
75.25,0.07,0.023
75.29,0.105,0.023
75.32,0.07,0.011
75.35,0.07,0.011
75.38,0.105,0.011
75.42,0.07,0.023
75.45,0.105,0.023
75.48,0.07,0.023
75.51,0.105,0.023
75.55,0.105,0.023
75.58,0.07,0.011
75.61,0.105,0.011
75.64,0.07,0.011
75.68,0.07,0.011
75.71,0.105,0.023
75.74,0.105,0.023
75.77,0.07,0.023
75.81,0.07,0.011
75.84,0.105,0.011
75.87,0.07,0.023
75.9,0.105,0.011
75.94,0.07,0.011
75.97,0.105,0.023
76.0,0.07,0.011
76.04,0.105,0.011
76.07,0.105,0.023
76.1,0.07,0.023
76.13,0.105,0.011
76.17,0.105,0.011
76.2,0.07,0.023
76.23,0.105,0.011
76.26,0.07,0.023
76.3,0.07,0.023
76.33,0.07,0.023
76.36,0.105,0.023
76.39,0.105,0.011
76.43,0.07,0.023
76.46,0.105,0.023
76.49,0.07,0.023
76.52,0.105,0.023
76.56,0.07,0.011
76.59,0.07,0.023
76.62,0.07,0.011
76.65,0.105,0.023
76.69,0.105,0.023
76.72,0.105,0.011
76.75,0.105,0.023
76.78,0.07,0.011
76.82,0.07,0.023
76.85,0.07,0.023
76.88,0.105,0.011
76.91,0.07,0.011
76.95,0.07,0.011
76.98,0.07,0.011
77.01,0.07,0.011
77.04,0.105,0.011
77.08,0.105,0.023
77.11,0.07,0.023
77.14,0.07,0.011
77.17,0.105,0.011
77.21,0.07,0.011
77.24,0.105,0.023
77.27,0.07,0.023
77.31,0.07,0.011
77.34,0.14,0.023
77.37,0.105,0.023
77.4,0.07,0.011
77.44,0.035,0.011
77.47,0.105,0.011
77.5,0.07,0.023
77.53,0.07,0.011
77.57,0.105,0.011
77.6,0.07,0.011
77.63,0.105,0.011
77.66,0.07,0.023
77.7,0.07,0.011
77.73,0.105,0.011
77.76,0.07,0.011
77.79,0.105,0.023
77.83,0.105,0.023
77.86,0.105,0.011
77.89,0.07,0.011
77.92,0.105,0.011
77.96,0.07,0.011
77.99,0.07,0.011
78.02,0.14,0.023
78.05,0.105,0.011
78.09,0.105,0.023
78.12,0.105,0.023
78.15,0.07,0.023
78.18,0.07,0.011
78.22,0.07,0.023
78.25,0.07,0.023
78.28,0.105,0.023
78.31,0.105,0.011
78.35,0.07,0.023
78.38,0.07,0.011
78.41,0.105,0.023
78.44,0.07,0.023
78.48,0.105,0.011
78.51,0.07,0.011
78.54,0.07,0.011
78.58,0.105,0.011
78.61,0.07,0.023
78.64,0.07,0.023
78.67,0.07,0.011
78.71,0.07,0.023
78.74,0.07,0.023
78.77,0.105,0.023
78.8,0.07,0.011
78.84,0.105,0.023
78.87,0.105,0.023
78.9,0.07,0.023
78.93,0.105,0.023
78.97,0.07,0.011
79.0,0.07,0.023
79.03,0.105,0.011
79.06,0.07,0.023
79.1,0.07,0.011
79.13,0.07,0.023
79.16,0.14,0.011
79.19,0.105,0.011
79.23,0.105,0.011
79.26,0.07,0.011
79.29,0.07,0.011
79.32,0.105,0.011
79.36,0.07,0.011
79.39,0.07,0.011
79.42,0.105,0.011
79.45,0.105,0.011
79.49,0.07,0.023
79.52,0.105,0.011
79.55,0.105,0.011
79.58,0.07,0.011
79.62,0.07,0.011
79.65,0.105,0.023
79.68,0.07,0.023
79.71,0.105,0.011
79.75,0.105,0.011
79.78,0.105,0.011
79.81,0.07,0.011
79.84,0.07,0.023
79.88,0.07,0.011
79.91,0.07,0.011
79.94,0.07,0.011
79.98,0.105,0.011
80.01,0.105,0.023
80.04,0.105,0.023
80.07,0.07,0.011
80.11,0.14,0.023
80.14,0.07,0.023
80.17,0.07,0.011
80.2,0.105,0.023
80.24,0.07,0.011
80.27,0.07,0.023
80.3,0.105,0.011
80.33,0.07,0.011
80.37,0.105,0.023
80.4,0.105,0.023
80.43,0.07,0.011
80.46,0.07,0.023
80.5,0.105,0.011
80.53,0.105,0.011
80.56,0.07,0.011
80.59,0.105,0.011
80.63,0.07,0.011
80.66,0.07,0.011
80.69,0.105,0.011
80.72,0.105,0.023
80.76,0.07,0.023
80.79,0.07,0.011
80.82,0.07,0.011
80.85,0.105,0.011
80.89,0.105,0.011
80.92,0.105,0.011
80.95,0.105,0.023
80.98,0.07,0.011
81.02,0.105,0.011
81.05,0.105,0.011
81.08,0.07,0.011
81.11,0.07,0.011
81.15,0.07,0.011
81.18,0.07,0.011
81.21,0.07,0.011
81.25,0.105,0.011
81.28,0.07,0.011
81.31,0.07,0.011
81.34,0.07,0.011
81.38,0.105,0.023
81.41,0.07,0.011
81.44,0.105,0.011
81.47,0.07,0.023
81.51,0.07,0.011
81.54,0.07,0.023
81.57,0.07,0.023
81.6,0.07,0.011
81.64,0.105,0.023
81.67,0.105,0.023
81.7,0.07,0.023
81.73,0.105,0.023
81.77,0.07,0.023
81.8,0.07,0.023
81.83,0.14,0.023
81.86,0.105,0.023
81.9,0.07,0.023
81.93,0.07,0.023
81.96,0.105,0.023
81.99,0.07,0.023
82.03,0.07,0.011
82.06,0.07,0.023
82.09,0.14,0.023
82.12,0.14,0.023
82.16,0.105,0.011
82.19,0.14,0.011
82.22,0.07,0.011
82.25,0.07,0.011
82.29,0.07,0.023
82.32,0.07,0.011
82.35,0.105,0.023
82.38,0.07,0.011
82.42,0.105,0.023
82.45,0.07,0.011
82.48,0.07,0.023
82.52,0.14,0.011
82.55,0.14,0.023
82.58,0.105,0.023
82.61,0.07,0.011
82.65,0.105,0.011
82.68,0.07,0.011
82.71,0.105,0.023
82.74,0.105,0.011
82.78,0.105,0.023
82.81,0.07,0.023
82.84,0.07,0.011
82.87,0.14,0.011
82.91,0.0,0.011
82.94,0.105,0.011
82.97,0.14,0.023
83.0,0.07,0.023
83.04,0.105,0.023
83.07,0.07,0.023
83.1,0.07,0.011
83.13,0.105,0.011
83.17,0.105,0.011
83.2,0.07,0.023
83.23,0.07,0.011
83.26,0.07,0.023
83.3,0.07,0.011
83.33,0.07,0.011
83.36,0.07,0.023
83.39,0.105,0.023
83.43,0.07,0.023
83.46,0.07,0.011
83.49,0.105,0.011
83.52,0.07,0.011
83.56,0.07,0.011
83.59,0.07,0.011
83.62,0.07,0.011
83.65,0.105,0.023
83.69,0.07,0.011
83.72,0.14,0.011
83.75,0.105,0.011
83.79,0.07,0.011
83.82,0.07,0.011
83.85,0.07,0.023
83.88,0.07,0.023
83.92,0.105,0.023
83.95,0.07,0.023
83.98,0.07,0.011
84.01,0.07,0.011
84.05,0.07,0.011
84.08,0.105,0.011
84.11,0.105,0.023
84.14,0.105,0.023
84.18,0.07,0.011
84.21,0.105,0.023
84.24,0.07,0.023
84.27,0.105,0.023
84.31,0.07,0.011
84.34,0.07,0.011
84.37,0.105,0.023
84.4,0.07,0.011
84.44,0.105,0.023
84.47,0.105,0.023
84.5,0.07,0.023
84.53,0.105,0.023
84.57,0.07,0.023
84.6,0.07,0.011
84.63,0.07,0.023
84.66,0.07,0.011
84.7,0.14,0.023
84.73,0.07,0.011
84.76,0.07,0.023
84.79,0.07,0.023
84.83,0.105,0.023
84.86,0.105,0.023
84.89,0.14,0.011
84.92,0.14,0.011
84.96,0.105,0.011
84.99,0.14,0.023
85.02,0.14,0.011
85.06,0.105,0.011
85.09,0.105,0.011
85.12,0.07,0.023
85.15,0.07,0.011
85.19,0.07,0.011
85.22,0.105,0.023
85.25,0.07,0.011
85.28,0.07,0.011
85.32,0.07,0.011
85.35,0.07,0.011
85.38,0.07,0.011
85.41,0.07,0.023
85.45,0.105,0.023
85.48,0.105,0.011
85.51,0.07,0.011
85.54,0.07,0.023
85.58,0.07,0.011
85.61,0.105,0.011
85.64,0.07,0.023
85.67,0.07,0.023
85.71,0.07,0.023
85.74,0.105,0.023
85.77,0.07,0.023
85.8,0.07,0.023
85.84,0.07,0.011
85.87,0.105,0.023
85.9,0.07,0.023
85.93,0.07,0.011
85.97,0.07,0.023
86.0,0.105,0.011
86.03,0.105,0.023
86.06,0.07,0.011
86.1,0.07,0.011
86.13,0.07,0.023
86.16,0.14,0.011
86.19,0.105,0.023
86.23,0.07,0.023
86.26,0.105,0.023
86.29,0.105,0.023
86.33,0.105,0.011
86.36,0.07,0.023
86.39,0.14,0.011
86.42,0.07,0.011
86.46,0.14,0.011
86.49,0.07,0.023
86.52,0.07,0.011
86.55,0.07,0.011
86.59,0.07,0.011
86.62,0.07,0.011
86.65,0.105,0.011
86.68,0.105,0.023
86.72,0.07,0.011
86.75,0.07,0.011
86.78,0.07,0.011
86.81,0.105,0.023
86.85,0.14,0.023
86.88,0.105,0.023
86.91,0.14,0.023
86.94,0.07,0.023
86.98,0.105,0.011
87.01,0.07,0.023
87.04,0.105,0.023
87.07,0.07,0.023
87.11,0.07,0.023
87.14,0.07,0.023
87.17,0.07,0.011
87.2,0.07,0.011
87.24,0.07,0.023
87.27,0.105,0.023
87.3,0.105,0.011
87.33,0.105,0.011
87.37,0.07,0.011
87.4,0.07,0.011
87.43,0.105,0.023
87.46,0.07,0.011
87.5,0.105,0.023
87.53,0.14,0.011
87.56,0.105,0.023
87.6,0.07,0.011
87.63,0.105,0.011
87.66,0.07,0.023
87.69,0.105,0.023
87.73,0.14,0.023
87.76,0.07,0.023
87.79,0.07,0.011
87.82,0.07,0.011
87.86,0.105,0.011
87.89,0.07,0.011
87.92,0.07,0.023
87.95,0.105,0.023
87.99,0.07,0.011
88.02,0.07,0.023
88.05,0.105,0.011
88.08,0.07,0.023
88.12,0.07,0.011
88.15,0.105,0.023
88.18,0.07,0.011
88.21,0.105,0.023
88.25,0.07,0.011
88.28,0.07,0.023
88.31,0.07,0.023
88.34,0.105,0.023
88.38,0.07,0.023
88.41,0.07,0.011
88.44,0.07,0.011
88.47,0.07,0.011
88.51,0.07,0.011
88.54,0.105,0.011
88.57,0.07,0.011
88.6,0.07,0.023
88.64,0.105,0.023
88.67,0.07,0.011
88.7,0.07,0.011
88.73,0.105,0.011
88.77,0.07,0.011
88.8,0.14,0.023
88.83,0.07,0.011
88.86,0.07,0.023
88.9,0.105,0.011
88.93,0.105,0.011
88.96,0.07,0.011
89.0,0.105,0.011
89.03,0.07,0.011
89.06,0.105,0.011
89.09,0.07,0.011
89.13,0.105,0.011
89.16,0.105,0.011
89.19,0.07,0.011
89.22,0.105,0.023
89.26,0.07,0.023
89.29,0.105,0.023
89.32,0.07,0.011
89.35,0.105,0.011
89.39,0.07,0.011
89.42,0.07,0.011
89.45,0.105,0.023
89.48,0.07,0.011
89.52,0.105,0.011
89.55,0.07,0.011
89.58,0.14,0.023
89.61,0.07,0.023
89.65,0.07,0.011
89.68,0.105,0.011
89.71,0.105,0.023
89.74,0.07,0.011
89.78,0.07,0.023
89.81,0.105,0.023
89.84,0.105,0.011
89.87,0.07,0.023
89.91,0.105,0.011
89.94,0.105,0.023
89.97,0.035,0.011
90.0,0.105,0.023
90.04,0.105,0.011
90.07,0.07,0.011
90.1,0.07,0.011
90.13,0.105,0.023
90.17,0.07,0.011
90.2,0.07,0.023
90.23,0.07,0.023
90.27,0.105,0.023
90.3,0.14,0.023
90.33,0.07,0.023
90.36,0.07,0.023
90.4,0.105,0.011
90.43,0.105,0.023
90.46,0.105,0.011
90.49,0.105,0.011
90.53,0.07,0.011
90.56,0.07,0.011
90.59,0.07,0.023
90.62,0.105,0.011
90.66,0.07,0.011
90.69,0.105,0.023
90.72,0.105,0.011
90.75,0.105,0.011
90.79,0.07,0.011
90.82,0.105,0.011
90.85,0.07,0.023
90.88,0.105,0.023
90.92,0.07,0.023
90.95,0.105,0.011
90.98,0.07,0.023
91.01,0.105,0.023
91.05,0.07,0.023
91.08,0.105,0.023
91.11,0.07,0.011
91.14,0.07,0.023
91.18,0.07,0.023
91.21,0.105,0.023
91.24,0.105,0.023
91.27,0.105,0.023
91.31,0.07,0.011
91.34,0.14,0.011
91.37,0.07,0.011
91.4,0.07,0.011
91.44,0.105,0.023
91.47,0.105,0.011
91.5,0.105,0.023
91.54,0.105,0.023
91.57,0.07,0.023
91.6,0.07,0.011
91.63,0.07,0.011
91.67,0.105,0.011
91.7,0.07,0.0
91.73,0.07,0.023
91.76,0.105,0.023
91.8,0.105,0.011
91.83,0.105,0.011
91.86,0.105,0.023
91.89,0.07,0.011
91.93,0.07,0.023
91.96,0.105,0.023
91.99,0.105,0.023
92.02,0.105,0.011
92.06,0.105,0.011
92.09,0.105,0.011
92.12,0.07,0.011
92.15,0.105,0.011
92.19,0.07,0.011
92.22,0.035,0.023
92.25,0.105,0.023
92.28,0.105,0.023
92.32,0.105,0.011
92.35,0.14,0.023
92.38,0.07,0.023
92.41,0.07,0.023
92.45,0.105,0.011
92.48,0.105,0.023
92.51,0.07,0.011
92.54,0.07,0.023
92.58,0.07,0.023
92.61,0.105,0.023
92.64,0.07,0.023
92.67,0.07,0.023
92.71,0.07,0.011
92.74,0.07,0.023
92.77,0.105,0.011
92.81,0.105,0.011
92.84,0.07,0.011
92.87,0.07,0.023
92.9,0.105,0.011
92.94,0.07,0.023
92.97,0.07,0.011
93.0,0.07,0.023
93.03,0.07,0.023
93.07,0.07,0.023
93.1,0.07,0.023
93.13,0.105,0.011
93.16,0.07,0.011
93.2,0.105,0.011
93.23,0.07,0.023
93.26,0.07,0.023
93.29,0.07,0.023
93.33,0.07,0.011
93.36,0.105,0.011
93.39,0.07,0.011
93.42,0.07,0.023
93.46,0.105,0.023
93.49,0.105,0.011
93.52,0.07,0.023
93.55,0.07,0.023
93.59,0.07,0.011
93.62,0.105,0.011
93.65,0.105,0.011
93.68,0.07,0.023
93.72,0.07,0.023
93.75,0.07,0.023
93.78,0.07,0.023
93.81,0.105,0.011
93.85,0.105,0.011
93.88,0.07,0.023
93.91,0.105,0.023
93.94,0.07,0.011
93.98,0.07,0.023
94.01,0.105,0.011
94.04,0.105,0.011
94.08,0.07,0.011
94.11,0.07,0.011
94.14,0.105,0.023
94.17,0.07,0.011
94.21,0.105,0.023
94.24,0.07,0.023
94.27,0.105,0.011
94.3,0.105,0.023
94.34,0.105,0.011
94.37,0.105,0.011
94.4,0.07,0.011
94.43,0.105,0.011
94.47,0.07,0.011
94.5,0.105,0.011
94.53,0.105,0.023
94.56,0.07,0.023
94.6,0.105,0.023
94.63,0.105,0.011
94.66,0.07,0.023
94.69,0.105,0.023
94.73,0.105,0.023
94.76,0.07,0.011
94.79,0.105,0.011
94.82,0.07,0.023
94.86,0.105,0.011
94.89,0.07,0.011
94.92,0.07,0.023
94.95,0.07,0.023
94.99,0.07,0.023
95.02,0.105,0.011
95.05,0.07,0.023
95.08,0.105,0.023
95.12,0.105,0.023
95.15,0.07,0.011
95.18,0.105,0.011
95.21,0.105,0.023
95.25,0.07,0.011
95.28,0.105,0.023
95.31,0.105,0.023
95.35,0.105,0.011
95.38,0.07,0.011
95.41,0.105,0.023
95.44,0.035,0.011
95.48,0.07,0.011
95.51,0.105,0.011
95.54,0.07,0.011
95.57,0.105,0.011
95.61,0.105,0.011
95.64,0.07,0.011
95.67,0.07,0.011
95.7,0.07,0.011
95.74,0.105,0.023
95.77,0.07,0.011
95.8,0.07,0.011
95.83,0.07,0.011
95.87,0.07,0.023
95.9,0.105,0.023
95.93,0.07,0.011
95.96,0.07,0.011
96.0,0.105,0.011
96.03,0.07,0.011
96.06,0.07,0.011
96.09,0.105,0.011
96.13,0.105,0.011
96.16,0.07,0.011
96.19,0.105,0.011
96.22,0.105,0.011
96.26,0.07,0.023
96.29,0.105,0.023
96.32,0.07,0.011
96.35,0.105,0.011
96.39,0.105,0.023
96.42,0.07,0.023
96.45,0.07,0.023
96.48,0.07,0.023
96.52,0.07,0.011
96.55,0.07,0.023
96.58,0.07,0.023
96.62,0.105,0.023
96.65,0.105,0.023
96.68,0.07,0.023
96.71,0.105,0.023
96.75,0.105,0.023
96.78,0.07,0.023
96.81,0.14,0.023
96.84,0.105,0.023
96.88,0.035,0.011
96.91,0.105,0.023
96.94,0.105,0.023
96.97,0.105,0.023
97.01,0.07,0.023
97.04,0.105,0.011
97.07,0.07,0.011
97.1,0.07,0.011
97.14,0.105,0.023
97.17,0.07,0.011
97.2,0.105,0.011
97.23,0.07,0.011
97.27,0.105,0.011
97.3,0.07,0.023
97.33,0.105,0.011
97.36,0.07,0.023
97.4,0.07,0.023
97.43,0.105,0.023
97.46,0.105,0.011
97.49,0.07,0.011
97.53,0.105,0.011
97.56,0.105,0.023
97.59,0.07,0.011
97.62,0.07,0.023
97.66,0.105,0.011
97.69,0.105,0.023
97.72,0.105,0.023
97.75,0.07,0.011
97.79,0.105,0.023
97.82,0.07,0.011
97.85,0.07,0.023
97.88,0.07,0.023
97.92,0.105,0.011
97.95,0.07,0.023
97.98,0.105,0.023
98.02,0.105,0.023
98.05,0.14,0.011
98.08,0.07,0.011
98.11,0.07,0.011
98.15,0.105,0.023
98.18,0.07,0.011
98.21,0.07,0.011
98.24,0.07,0.023
98.28,0.07,0.011
98.31,0.105,0.011
98.34,0.105,0.011
98.37,0.105,0.011
98.41,0.07,0.011
98.44,0.105,0.023
98.47,0.07,0.023
98.5,0.105,0.023
98.54,0.07,0.023
98.57,0.07,0.023
98.6,0.07,0.011
98.63,0.07,0.011
98.67,0.07,0.011
98.7,0.105,0.011
98.73,0.105,0.023
98.76,0.105,0.011
98.8,0.07,0.011
98.83,0.07,0.011
98.86,0.07,0.023
98.89,0.07,0.023
98.93,0.07,0.023
98.96,0.07,0.011
98.99,0.14,0.011
99.02,0.105,0.023
99.06,0.07,0.023
99.09,0.105,0.023
99.12,0.105,0.023
99.15,0.105,0.023
99.19,0.14,0.011
99.22,0.105,0.023
99.25,0.105,0.011
99.29,0.07,0.023
99.32,0.07,0.011
99.35,0.07,0.011
99.38,0.105,0.023
99.42,0.14,0.023
99.45,0.07,0.023
99.48,0.105,0.011
99.51,0.07,0.011
99.55,0.07,0.023
99.58,0.07,0.011
99.61,0.105,0.023
99.64,0.105,0.011
99.68,0.07,0.011
99.71,0.07,0.023
99.74,0.105,0.023
99.77,0.07,0.011
99.81,0.07,0.011
99.84,0.07,0.011
99.87,0.14,0.011
99.9,0.105,0.011
99.94,0.105,0.011
99.97,0.07,0.011
100.0,0.105,0.011
100.03,0.07,0.023
100.07,0.07,0.011
100.1,0.07,0.011
100.13,0.07,0.023
100.16,0.07,0.011
100.2,0.105,0.011
100.23,0.105,0.023
100.26,0.105,0.011
100.29,0.07,0.023
100.33,0.105,0.011
100.36,0.105,0.011
100.39,0.07,0.011
100.42,0.07,0.011
100.46,0.07,0.011
100.49,0.105,0.011
100.52,0.105,0.023
100.56,0.105,0.023
100.59,0.07,0.011
100.62,0.07,0.011
100.65,0.07,0.011
100.69,0.105,0.011
100.72,0.07,0.011
100.75,0.105,0.011
100.78,0.07,0.011
100.82,0.07,0.023
100.85,0.105,0.011
100.88,0.105,0.011
100.91,0.14,0.023
100.95,0.105,0.011
100.98,0.07,0.011
101.01,0.07,0.011
101.04,0.105,0.023
101.08,0.07,0.023
101.11,0.105,0.011
101.14,0.105,0.011
101.17,0.07,0.023
101.21,0.07,0.023
101.24,0.07,0.011
101.27,0.105,0.023
101.3,0.105,0.023
101.34,0.105,0.011
101.37,0.105,0.023
101.4,0.07,0.011
101.43,0.07,0.023
101.47,0.07,0.011
101.5,0.07,0.011
101.53,0.07,0.011
101.56,0.105,0.011
101.6,0.105,0.011
101.63,0.105,0.023
101.66,0.07,0.011
101.69,0.07,0.011
101.73,0.07,0.023
101.76,0.175,0.023
101.79,0.07,0.011
101.83,0.07,0.011
101.86,0.035,0.011
101.89,0.07,0.023
101.92,0.14,0.011
101.96,0.07,0.023
101.99,0.105,0.011
102.02,0.07,0.023
102.05,0.105,0.023
102.09,0.105,0.023
102.12,0.105,0.023
102.15,0.07,0.023
102.18,0.07,0.023
102.22,0.105,0.023
102.25,0.105,0.011
102.28,0.105,0.023
102.31,0.035,0.023
102.35,0.07,0.011
102.38,0.105,0.023
102.41,0.07,0.011
102.44,0.07,0.011
102.48,0.14,0.023
102.51,0.07,0.023
102.54,0.07,0.023
102.57,0.07,0.011
102.61,0.14,0.011
102.64,0.07,0.023
102.67,0.07,0.011
102.7,0.07,0.011
102.74,0.105,0.011
102.77,0.07,0.011
102.8,0.07,0.023
102.83,0.07,0.023
102.87,0.105,0.023
102.9,0.07,0.011
102.93,0.07,0.011
102.96,0.07,0.023
103.0,0.105,0.011
103.03,0.07,0.023
103.06,0.07,0.011
103.1,0.07,0.023
103.13,0.07,0.011
103.16,0.105,0.011
103.19,0.105,0.011
103.23,0.07,0.011
103.26,0.105,0.023
103.29,0.07,0.023
103.32,0.105,0.011
103.36,0.14,0.023
103.39,0.07,0.011
103.42,0.07,0.023
103.45,0.07,0.023
103.49,0.07,0.023
103.52,0.07,0.011
103.55,0.105,0.023
103.58,0.07,0.023
103.62,0.14,0.011
103.65,0.14,0.011
103.68,0.07,0.011
103.71,0.105,0.011
103.75,0.14,0.011
103.78,0.105,0.011
103.81,0.07,0.011
103.84,0.07,0.011
103.88,0.07,0.023
103.91,0.14,0.023
103.94,0.175,0.011
103.97,0.07,0.011
104.01,0.07,0.011
104.04,0.14,0.011
104.07,0.07,0.023
104.1,0.07,0.023
104.14,0.14,0.023
104.17,0.07,0.011
104.2,0.105,0.011
104.23,0.07,0.011
104.27,0.07,0.011
104.3,0.07,0.023
104.33,0.07,0.011
104.37,0.105,0.023
104.4,0.07,0.023
104.43,0.14,0.011
104.46,0.105,0.011
104.5,0.035,0.011
104.53,0.07,0.011
104.56,0.07,0.023
104.59,0.105,0.011
104.63,0.105,0.023
104.66,0.105,0.011
104.69,0.07,0.023
104.72,0.07,0.023
104.76,0.105,0.011
104.79,0.07,0.023
104.82,0.07,0.023
104.85,0.07,0.023
104.89,0.07,0.023
104.92,0.07,0.011
104.95,0.0,0.023
104.98,0.07,0.011
105.02,0.105,0.011
105.05,0.105,0.011
105.08,0.07,0.011
105.11,0.07,0.023
105.15,0.105,0.023
105.18,0.105,0.011
105.21,0.105,0.023
105.24,0.07,0.023
105.28,0.105,0.023
105.31,0.07,0.011
105.34,0.07,0.011
105.37,0.07,0.023
105.41,0.105,0.011
105.44,0.105,0.011
105.47,0.07,0.011
105.5,0.07,0.023
105.54,0.07,0.011
105.57,0.105,0.023
105.6,0.105,0.023
105.64,0.07,0.011
105.67,0.105,0.023
105.7,0.105,0.011
105.73,0.07,0.011
105.77,0.07,0.011
105.8,0.07,0.023
105.83,0.105,0.011
105.86,0.07,0.011
105.9,0.07,0.023
105.93,0.105,0.011
105.96,0.105,0.023
105.99,0.07,0.023
106.03,0.105,0.023
106.06,0.105,0.023
106.09,0.105,0.011
106.12,0.07,0.023
106.16,0.105,0.023
106.19,0.105,0.011
106.22,0.105,0.023
106.25,0.07,0.011
106.29,0.105,0.023
106.32,0.105,0.023
106.35,0.07,0.011
106.38,0.105,0.023
106.42,0.07,0.023
106.45,0.07,0.023
106.48,0.105,0.023
106.51,0.105,0.023
106.55,0.105,0.023
106.58,0.07,0.023
106.61,0.105,0.023
106.64,0.07,0.023
106.68,0.105,0.023
106.71,0.105,0.011
106.74,0.07,0.023
106.77,0.105,0.011
106.81,0.105,0.011
106.84,0.07,0.011
106.87,0.105,0.023
106.9,0.105,0.023
106.94,0.07,0.011
106.97,0.07,0.011
107.0,0.07,0.023
107.04,0.035,0.011
107.07,0.105,0.023
107.1,0.105,0.023
107.13,0.105,0.023
107.17,0.07,0.023
107.2,0.105,0.011
107.23,0.07,0.023
107.26,0.07,0.023
107.3,0.07,0.023
107.33,0.105,0.023
107.36,0.14,0.011
107.39,0.105,0.011
107.43,0.105,0.011
107.46,0.07,0.023
107.49,0.07,0.011
107.52,0.07,0.011
107.56,0.105,0.023
107.59,0.105,0.011
107.62,0.07,0.011
107.65,0.07,0.023
107.69,0.105,0.023
107.72,0.07,0.011
107.75,0.07,0.023
107.78,0.105,0.011
107.82,0.105,0.011
107.85,0.105,0.011
107.88,0.07,0.011
107.91,0.07,0.011
107.95,0.105,0.023
107.98,0.07,0.011
108.01,0.07,0.011
108.04,0.07,0.011
108.08,0.07,0.023
108.11,0.07,0.011
108.14,0.105,0.023
108.17,0.07,0.011
108.21,0.07,0.023
108.24,0.105,0.023
108.27,0.105,0.011
108.31,0.105,0.011
108.34,0.105,0.011
108.37,0.07,0.011
108.4,0.07,0.011
108.44,0.07,0.011
108.47,0.07,0.011
108.5,0.07,0.011
108.53,0.07,0.023
108.57,0.105,0.011
108.6,0.07,0.011
108.63,0.07,0.011
108.66,0.105,0.023
108.7,0.105,0.023
108.73,0.105,0.011
108.76,0.105,0.023
108.79,0.105,0.023
108.83,0.105,0.023
108.86,0.105,0.011
108.89,0.07,0.023
108.92,0.07,0.011
108.96,0.07,0.023
108.99,0.07,0.023
109.02,0.07,0.023
109.05,0.105,0.023
109.09,0.07,0.011
109.12,0.105,0.011
109.15,0.07,0.023
109.18,0.105,0.011
109.22,0.105,0.011
109.25,0.035,0.011
109.28,0.105,0.011
109.31,0.07,0.011
109.35,0.07,0.011
109.38,0.07,0.011
109.41,0.105,0.023
109.44,0.105,0.011
109.48,0.07,0.011
109.51,0.105,0.011
109.54,0.035,0.023
109.58,0.07,0.011
109.61,0.105,0.011
109.64,0.105,0.023
109.67,0.105,0.011
109.71,0.07,0.023
109.74,0.07,0.011
109.77,0.07,0.011
109.8,0.07,0.023
109.84,0.105,0.011
109.87,0.07,0.023
109.9,0.07,0.023
109.93,0.105,0.011
109.97,0.07,0.011
110.0,0.105,0.011
110.03,0.07,0.011
110.06,0.07,0.011
110.1,0.105,0.023
110.13,0.105,0.023
110.16,0.105,0.011
110.19,0.07,0.011
110.23,0.07,0.023
110.26,0.105,0.011
110.29,0.14,0.023
110.32,0.105,0.023
110.36,0.035,0.023
110.39,0.105,0.023
110.42,0.07,0.023
110.45,0.07,0.023
110.49,0.105,0.023
110.52,0.105,0.023
110.55,0.105,0.011
110.58,0.07,0.023
110.62,0.105,0.023
110.65,0.07,0.011
110.68,0.105,0.011
110.71,0.105,0.011
110.75,0.07,0.023
110.78,0.105,0.023
110.81,0.07,0.011
110.85,0.07,0.011
110.88,0.07,0.023
110.91,0.07,0.011
110.94,0.07,0.011
110.98,0.105,0.011
111.01,0.07,0.011
111.04,0.105,0.023
111.07,0.07,0.011
111.11,0.07,0.011
111.14,0.07,0.023
111.17,0.07,0.023
111.2,0.07,0.023
111.24,0.105,0.023
111.27,0.105,0.023
111.3,0.07,0.023
111.33,0.105,0.011
111.37,0.07,0.023
111.4,0.07,0.011
111.43,0.07,0.023
111.46,0.07,0.011
111.5,0.105,0.023
111.53,0.07,0.023
111.56,0.07,0.011
111.59,0.07,0.011
111.63,0.105,0.023
111.66,0.105,0.023
111.69,0.07,0.023
111.72,0.105,0.011
111.76,0.105,0.023
111.79,0.07,0.023
111.82,0.07,0.023
111.85,0.07,0.011
111.89,0.07,0.011
111.92,0.105,0.023
111.95,0.105,0.023
111.98,0.07,0.011
112.02,0.105,0.023
112.05,0.07,0.011
112.08,0.105,0.023
112.12,0.07,0.011
112.15,0.105,0.023
112.18,0.105,0.011
112.21,0.07,0.023
112.25,0.07,0.011
112.28,0.105,0.023
112.31,0.07,0.023
112.34,0.07,0.011
112.38,0.105,0.011
112.41,0.07,0.011
112.44,0.105,0.023
112.47,0.105,0.011
112.51,0.105,0.023
112.54,0.07,0.023
112.57,0.105,0.011
112.6,0.07,0.011
112.64,0.105,0.023
112.67,0.07,0.011
112.7,0.105,0.011
112.73,0.07,0.023
112.77,0.07,0.023
112.8,0.07,0.023
112.83,0.105,0.023
112.86,0.105,0.011
112.9,0.07,0.023
112.93,0.105,0.023
112.96,0.07,0.023
112.99,0.105,0.011
113.03,0.105,0.011
113.06,0.105,0.011
113.09,0.035,0.023
113.12,0.07,0.011
113.16,0.07,0.023
113.19,0.105,0.011
113.22,0.07,0.023
113.25,0.07,0.011
113.29,0.14,0.023
113.32,0.07,0.023
113.35,0.07,0.011
113.39,0.07,0.011
113.42,0.105,0.023
113.45,0.105,0.011
113.48,0.07,0.023
113.52,0.07,0.023
113.55,0.105,0.023
113.58,0.07,0.011
113.61,0.07,0.011
113.65,0.07,0.011
113.68,0.07,0.011
113.71,0.07,0.023
113.74,0.105,0.023
113.78,0.105,0.011
113.81,0.07,0.023
113.84,0.07,0.011
113.87,0.07,0.011
113.91,0.105,0.011
113.94,0.105,0.023
113.97,0.07,0.023
114.0,0.105,0.011
114.04,0.07,0.023
114.07,0.14,0.023
114.1,0.07,0.023
114.13,0.105,0.023
114.17,0.07,0.011
114.2,0.07,0.011
114.23,0.105,0.023
114.26,0.105,0.023
114.3,0.07,0.023
114.33,0.105,0.023
114.36,0.07,0.023
114.39,0.07,0.011
114.43,0.105,0.011
114.46,0.07,0.023
114.49,0.105,0.023
114.52,0.105,0.023
114.56,0.105,0.023
114.59,0.07,0.023
114.62,0.07,0.023
114.66,0.07,0.023
114.69,0.07,0.011
114.72,0.105,0.023
114.75,0.07,0.023
114.79,0.14,0.011
114.82,0.07,0.011
114.85,0.07,0.011
114.88,0.105,0.023
114.92,0.105,0.011
114.95,0.07,0.023
114.98,0.07,0.023
115.01,0.105,0.023
115.05,0.105,0.023
115.08,0.07,0.011
115.11,0.105,0.023
115.14,0.07,0.023
115.18,0.07,0.023
115.21,0.105,0.011
115.24,0.105,0.023
115.27,0.07,0.023
115.31,0.07,0.023
115.34,0.105,0.011
115.37,0.07,0.011
115.4,0.07,0.023
115.44,0.105,0.023
115.47,0.07,0.023
115.5,0.105,0.011
115.53,0.07,0.023
115.57,0.07,0.011
115.6,0.105,0.011
115.63,0.07,0.023
115.66,0.07,0.023
115.7,0.105,0.023
115.73,0.07,0.023
115.76,0.07,0.011
115.79,0.105,0.023
115.83,0.105,0.023
115.86,0.14,0.011
115.89,0.07,0.011
115.92,0.14,0.023
115.96,0.07,0.023
115.99,0.105,0.011
116.02,0.07,0.011
116.06,0.07,0.011
116.09,0.07,0.011
116.12,0.14,0.011
116.15,0.07,0.011
116.19,0.07,0.023
116.22,0.07,0.023
116.25,0.07,0.011
116.28,0.105,0.023
116.32,0.105,0.011
116.35,0.105,0.011
116.38,0.105,0.011
116.41,0.07,0.011
116.45,0.07,0.011
116.48,0.07,0.011
116.51,0.105,0.023
116.54,0.07,0.023
116.58,0.035,0.023
116.61,0.07,0.011
116.64,0.07,0.011
116.67,0.07,0.011
